broker,count,bamount,bcount,samount,scount,top3
中国中投证券有限责任公司无锡清扬路证券营业部,18,11717.51,10,4322.31,8,"中信国安,通化金马,维科技术,"
华泰证券股份有限公司深圳益田路荣超商务中心证券营业部,22,30968.94,11,25713.72,11,"新华传媒,中国人保,康得新,"
西藏东方财富证券股份有限公司上海陆家嘴浦东南路证券营业部,1,412.85,1,0.0,0,深大通
恒泰证券股份有限公司宁波甬江大道证券营业部,4,1642.81,2,2087.93,2,"赛象科技,深赛格,凯美特气"
西藏东方财富证券股份有限公司拉萨团结路第二证券营业部,96,38822.88,60,22036.16,36,"沙钢股份,群兴玩具,贝通信,"
华鑫证券有限责任公司福建分公司,6,2043.63,3,2544.75,3,"双林股份,天威视讯,深赛格,"
招商证券股份有限公司深圳前海路证券营业部,1,289.7,1,0.0,0,深大通
光大证券股份有限公司佛山绿景路证券营业部,3,529.1,1,659.3,2,"深赛格,吉大通信"
海通证券股份有限公司江阴朝阳路证券营业部,1,284.97,1,0.0,0,深大通
国信证券股份有限公司浙江分公司,1,0.0,0,506.84,1,深大通
华泰证券股份有限公司南京江宁金箔路证券营业部,2,0.0,0,3433.86,2,深赛格
国泰君安证券股份有限公司深圳滨海大道创投大厦证券营业部,3,0.0,0,3274.83,3,"深赛格,桂东电力"
国金证券股份有限公司天津南马路证券营业部,1,0.0,0,273.1,1,深大通
国泰君安证券股份有限公司上海江苏路证券营业部,6,2874.05,2,9732.04,4,"天风证券,联创互联,深赛格"
华泰证券股份有限公司无锡金融一街证券营业部,8,5317.17,5,3050.39,3,"安控科技,新宙邦,超华科技,"
东吴证券股份有限公司苏州石路证券营业部,4,0.0,0,897.35,4,"深大通,双林股份,天威视讯"
宏信证券有限责任公司泸州江阳中路证券营业部,4,991.93,1,3045.4,3,"海峡股份,深赛格,南天信息"
西藏东方财富证券股份有限公司昌都聚盛路证券营业部,4,802.71,2,493.92,2,"贝通信,沃特股份,德美化工,"
国泰君安证券股份有限公司南京中央路证券营业部,9,3368.69,3,9559.79,6,"新华传媒,安控科技,长虹美菱,"
国泰君安证券股份有限公司泸州星光路证券营业部,1,383.04,1,0.0,0,长虹美菱
深股通专用,20,3811.78,6,9712.06,14,"汉得信息,广东甘化,上海新阳,"
华泰证券股份有限公司南京中华路证券营业部,5,6607.16,5,0.0,0,"群兴玩具,光洋股份,超华科技,"
浙商证券股份有限公司台州环城东路证券营业部,5,1133.46,3,983.34,2,"东方新星,广东甘化"
东莞证券股份有限公司浙江分公司,1,379.78,1,0.0,0,长虹美菱
国融证券股份有限公司杭州江晖路证券营业部,7,742.66,3,1000.83,4,"华平股份,广东甘化,中弘退,"
财富证券有限责任公司南京新模范马路证券营业部,1,253.9,1,0.0,0,长虹美菱
国泰君安证券股份有限公司贵阳中华中路证券营业部,1,246.93,1,0.0,0,广东甘化
中国银河证券股份有限公司北京陶然桥证券营业部,1,0.0,0,78.72,1,长虹美菱
中信证券（山东）有限责任公司即墨蓝鳌路证券营业部,1,0.0,0,1063.04,1,广东甘化
华泰证券股份有限公司江阴分公司,4,0.0,0,4486.84,4,"华西股份,霞客环保,长虹美菱"
国泰君安证券股份有限公司杭州萧山市心中路证券营业部,4,992.4,2,1291.49,2,"群兴玩具,智慧松德,广东甘化"
财富证券有限责任公司温州车站大道证券营业部,2,0.0,0,600.14,2,"广东甘化,湖南发展"
方正证券股份有限公司绍兴胜利东路证券营业部,9,1684.0,3,3743.45,6,"美芝股份,钧达股份,惠威科技,"
华安证券股份有限公司六安分公司,1,0.0,0,51.69,1,长虹美菱
平安证券股份有限公司河北分公司,1,286.41,1,0.0,0,佳电股份
大同证券有限责任公司朔州开发南路证券营业部,2,870.16,1,550.09,1,"华西股份,赛象科技"
平安证券股份有限公司深圳深南东路罗湖商务中心证券营业部,10,2325.8,6,893.46,4,"恒立实业,华昌达,钧达股份,"
国金证券股份有限公司上海奉贤区金碧路证券营业部,20,7146.42,13,3371.2,7,"恒立实业,新华传媒,贝通信,"
西藏东方财富证券股份有限公司杭州城星路证券营业部,1,853.0,1,0.0,0,华西股份
中天证券股份有限公司沈阳黑龙江街证券营业部,1,142.4,1,0.0,0,佳电股份
广发证券股份有限公司西安南广济街证券营业部,1,647.27,1,0.0,0,华西股份
安信证券股份有限公司上海黄浦区中山南路证券营业部,2,700.13,1,634.96,1,恒立实业
东海证券股份有限公司深圳深南大道证券营业部,1,120.67,1,0.0,0,佳电股份
南京证券股份有限公司江阴人民中路证券营业部,4,1621.94,2,1707.99,2,华西股份
财富证券有限责任公司杭州庆春路证券营业部,22,6010.29,14,4285.28,8,"恒立实业,贝通信,东富龙,"
安信证券股份有限公司茂名高州证券营业部,1,116.87,1,0.0,0,佳电股份
国信证券股份有限公司佛山南海大道证券营业部,5,1515.52,2,2840.95,3,"海得控制,华西股份,三木集团"
华泰证券股份有限公司杭州求是路证券营业部,6,851.82,2,2082.81,4,"中弘退,佳电股份,超华科技,"
华泰证券股份有限公司北京月坛南街证券营业部,2,768.24,1,882.47,1,恒立实业
海通证券股份有限公司南昌南京东路证券营业部,1,0.0,0,717.81,1,佳电股份
东吴证券股份有限公司苏州工业园区敦煌路证券营业部,1,0.0,0,837.99,1,恒立实业
招商证券股份有限公司江阴环城北路证券营业部,1,0.0,0,490.05,1,佳电股份
海通证券股份有限公司常熟海虞北路证券营业部,2,120.68,1,414.67,1,"中弘退,华西股份"
海通证券股份有限公司淮北相山路证券营业部,2,0.0,0,1435.85,2,恒立实业
华泰证券股份有限公司武汉新华路证券营业部,1,0.0,0,435.69,1,佳电股份
华安证券股份有限公司福州五四路证券营业部,2,361.28,1,365.29,1,"美芝股份,华西股份"
华泰证券股份有限公司上海武定路证券营业部,9,2917.66,5,2675.42,4,"华平股份,贝通信,恒立实业,"
长城证券股份有限公司深圳深南大道证券营业部,1,0.0,0,236.79,1,佳电股份
申万宏源证券有限公司上海浦东新区三林路证券营业部,1,0.0,0,267.36,1,华西股份
光大证券股份有限公司湛江海滨大道南证券营业部,10,6818.13,5,8027.94,5,"新华传媒,安泰科技,沧州明珠,"
光大证券股份有限公司南通工农路证券营业部,1,531.76,1,0.0,0,安泰科技
平安证券股份有限公司泉州安吉南路证券营业部,6,1594.97,3,1546.61,3,"中弘退,钧达股份,美芝股份,"
海通证券股份有限公司福州群众路证券营业部,6,3007.31,4,1830.6,2,"盛达矿业,漫步者,安泰科技"
中泰证券股份有限公司淄博临淄大道证券营业部,4,878.88,3,164.91,1,中弘退
中泰证券股份有限公司深圳分公司,3,1169.49,2,839.56,1,"联创互联,安泰科技"
华泰证券股份有限公司北京广渠门内大街证券营业部,7,4742.8,6,852.43,1,"迈为股份,光一科技,海汽集团,"
民生证券股份有限公司郑州桐柏路证券营业部,1,194.27,1,0.0,0,中弘退
国信证券股份有限公司上海广富林路证券营业部,1,0.0,0,400.38,1,安泰科技
德邦证券股份有限公司抚顺东四路证券营业部,3,370.65,2,189.0,1,中弘退
方正证券股份有限公司长沙留芳岭证券营业部,1,0.0,0,109.17,1,安泰科技
中国中投证券有限责任公司深圳深南大道证券营业部,5,2219.4,1,5329.74,4,"新宙邦,中弘退,中信国安"
国信证券股份有限公司北京朝阳北路证券营业部,2,0.0,0,906.78,2,中弘退
中信证券股份有限公司天津分公司,2,0.0,0,152.53,2,"安泰科技,滨海能源"
方正证券股份有限公司杭州延安路证券营业部,2,977.66,1,338.44,1,"联创互联,中弘退"
中信证券股份有限公司浙江分公司,1,0.0,0,87.08,1,安泰科技
兴业证券股份有限公司陕西分公司,2,0.0,0,810.3,2,"高斯贝尔,中弘退"
浙商证券股份有限公司厦门文康路证券营业部,1,0.0,0,175.79,1,中弘退
中信证券股份有限公司上海沪闵路证券营业部,2,1822.53,2,0.0,0,"粤传媒,贵广网络"
华泰证券股份有限公司淮安分公司,1,1173.45,1,0.0,0,赛象科技
方正证券股份有限公司上海杨高南路证券营业部,5,3507.93,5,0.0,0,"波导股份,粤传媒,佐力药业,"
华泰证券股份有限公司青岛宁夏路证券营业部,2,1014.92,1,465.62,1,赛象科技
国泰君安证券股份有限公司成都天府二街证券营业部,1,737.93,1,0.0,0,粤传媒
国泰君安证券股份有限公司成都北一环路证券营业部,4,2316.47,3,895.82,1,"盛达矿业,粤传媒,华数传媒"
长城证券股份有限公司仙桃钱沟路证券营业部,9,6231.46,6,6467.82,3,"群兴玩具,佐力药业,赛象科技,"
首创证券有限责任公司上海斜土路证券营业部,2,1126.83,2,0.0,0,"粤传媒,沧州明珠"
安信证券股份有限公司南昌胜利路证券营业部,10,13116.87,7,6745.09,3,"长虹美菱,中国人保,超华科技,"
中山证券有限责任公司沈阳北站路证券营业部,1,0.0,0,730.66,1,粤传媒
中信建投证券股份有限公司成都市南一环路证券营业部,8,1160.96,3,3277.09,5,"沧州明珠,长虹美菱,邦宝益智,"
光大证券股份有限公司广州番禺环城东路证券营业部,1,0.0,0,600.68,1,粤传媒
中国银河证券股份有限公司绍兴证券营业部,7,1464.96,2,3391.1,5,"湖南发展,富春股份,粤传媒,"
国信证券股份有限公司杭州市心中路证券营业部,2,0.0,0,1073.5,2,"长虹美菱,赛象科技"
华泰证券股份有限公司北京西三环北路证券营业部,5,430.78,1,1681.87,4,"霞客环保,东方新星,智慧松德,"
中信证券股份有限公司上海溧阳路证券营业部,5,2503.22,3,847.27,2,"湖南发展,东方通信,金力永磁,"
华安证券股份有限公司武汉沿江大道证券营业部,1,0.0,0,259.94,1,粤传媒
华泰证券股份有限公司湖南分公司,7,3274.55,3,2048.46,4,"中衡设计,佐力药业,宇信科技,"
国泰君安证券股份有限公司顺德大良证券营业部,8,17346.79,5,1928.51,3,"联创互联,沧州明珠,达华智能,"
方正证券股份有限公司温州小南路证券营业部,4,5594.46,3,3939.08,1,凯美特气
平安证券股份有限公司福州长乐北路证券营业部,4,1115.13,2,780.94,2,"达华智能,熙菱信息,吉翔股份"
长江证券股份有限公司武汉金融港证券营业部,2,1508.87,1,768.92,1,凯美特气
中信建投证券股份有限公司上海市徐家汇路证券营业部,6,1613.76,3,3672.49,3,"达华智能,霞客环保,漫步者,"
华创证券有限责任公司上海芦恒路证券营业部,3,4852.07,3,0.0,0,凯美特气
海通证券股份有限公司北京中关村南大街证券营业部,2,537.6,1,402.4,1,"达华智能,凯美特气"
广州证券股份有限公司苏州华池街证券营业部,2,1399.87,1,1604.29,1,凯美特气
方正证券股份有限公司长沙黄兴中路证券营业部,7,2078.41,4,1649.96,3,"双林股份,达华智能,海得控制,"
国联证券股份有限公司湖北分公司,6,9846.75,4,5690.45,2,凯美特气
国泰君安证券股份有限公司深圳香蜜湖路证券营业部,1,0.0,0,712.94,1,达华智能
平安证券股份有限公司深圳红岭基金产业园证券营业部,5,3981.94,4,1840.98,1,"多喜爱,金太阳,汉商集团,"
上海证券有限责任公司深圳福虹路证券营业部,5,2529.8,3,1260.67,2,"金太阳,达华智能"
招商证券股份有限公司深圳后海证券营业部,7,1947.51,2,1889.02,5,"奥马电器,光洋股份,盈趣科技,"
平安证券股份有限公司深圳商报路天健创业大厦证券营业部,3,16336.9,1,1405.33,2,"多喜爱,凯美特气,湖南发展"
中信证券股份有限公司广州临江大道证券营业部,1,0.0,0,436.18,1,达华智能
中信建投证券股份有限公司常州广电西路证券营业部,1,0.0,0,1071.49,1,凯美特气
东海证券股份有限公司南京洪武北路证券营业部,6,5231.43,3,7177.1,3,"群兴玩具,光洋股份,大众公用"
中信证券股份有限公司杭州市心南路证券营业部,3,1103.41,2,1491.73,1,"汉得信息,亿利达,东富龙"
广发证券股份有限公司中山小榄营业部,1,233.8,1,0.0,0,亿利达
财通证券股份有限公司杭州体育馆证券营业部,21,13411.75,13,10163.13,8,"群兴玩具,双林股份,光一科技,"
中信证券股份有限公司义乌城中中路证券营业部,1,195.36,1,0.0,0,亿利达
南京证券股份有限公司张家港东环路证券营业部,3,2169.01,2,825.6,1,群兴玩具
中信证券股份有限公司杭州四季路证券营业部,4,2195.03,1,15831.39,3,"群兴玩具,市北高新,贝通信"
中国银河证券股份有限公司台州邮电路证券营业部,1,153.01,1,0.0,0,亿利达
中国中投证券有限责任公司北京北三环东路证券营业部,4,1965.09,2,1438.41,2,"群兴玩具,吉大通信,珠海中富"
财通证券股份有限公司义乌丹溪北路证券营业部,1,145.7,1,0.0,0,亿利达
华泰证券股份有限公司武汉友谊大道证券营业部,7,4261.2,2,10624.56,5,"超华科技,群兴玩具,新华传媒"
中信证券股份有限公司北京首体南路证券营业部,2,2655.92,1,168.0,1,"旋极信息,亿利达"
方正证券股份有限公司怀化芷江路证券营业部,1,0.0,0,125.99,1,亿利达
光大证券股份有限公司上海淮海中路证券营业部,1,0.0,0,110.29,1,亿利达
东方证券股份有限公司深圳金田路证券营业部,5,3159.24,2,4584.96,3,"超华科技,群兴玩具"
海通证券股份有限公司杭州瓜沥东灵北路证券营业部,1,0.0,0,1874.86,1,群兴玩具
中国银河证券股份有限公司上海东宝兴路证券营业部,1,0.0,0,103.21,1,亿利达
中国中投证券有限责任公司上海西康路证券营业部,2,0.0,0,1863.79,2,群兴玩具
华林证券股份有限公司大连中山路证券营业部,1,0.0,0,89.1,1,亿利达
中国银河证券股份有限公司杭州新塘路证券营业部,4,10708.86,2,1725.91,2,"延安必康,光洋股份"
广州证券股份有限公司丽水中山街证券营业部,13,10052.01,8,8856.78,5,"美芝股份,吉大通信,惠威科技,"
国元证券股份有限公司重庆观音桥步行街证券营业部,3,1006.04,1,2640.92,2,"光洋股份,群兴玩具"
兴业证券股份有限公司深圳侨香路证券营业部,2,257.12,1,273.09,1,美芝股份
东兴证券股份有限公司厦门鹭江道证券营业部,3,1754.2,2,946.23,1,光洋股份
西藏东方财富证券股份有限公司泉州田安路证券营业部,2,195.29,1,205.35,1,美芝股份
中国银河证券股份有限公司武汉武珞路证券营业部,3,735.0,1,1010.03,2,"光洋股份,朗新科技"
华泰证券股份有限公司台州中心大道证券营业部,3,1366.18,2,2028.28,1,"光洋股份,金力永磁"
金元证券股份有限公司长沙韶山中路证券营业部,6,3989.31,3,3836.56,3,"美芝股份,钧达股份"
国盛证券有限责任公司宁波桑田路证券营业部,7,5112.14,4,3258.7,3,"超华科技,中衡设计,光洋股份,"
平安证券股份有限公司广西分公司,4,702.26,2,894.87,2,"华平股份,兴瑞科技,美芝股份"
华泰证券股份有限公司上海徐汇区天钥桥路证券营业部,2,1566.01,1,841.11,1,"弘业股份,光洋股份"
东海证券股份有限公司福建厦门分公司,18,11008.1,8,12336.07,10,"美芝股份,钧达股份,惠威科技"
中信建投证券股份有限公司苏州工业园区星海街证券营业部,6,4088.26,3,3409.84,3,"弘业股份,恒立实业,华昌达,"
光大证券股份有限公司南京中山东路证券营业部,1,0.0,0,344.13,1,美芝股份
东吴证券股份有限公司绍兴金柯桥大道证券营业部,4,1314.39,1,3353.05,3,"沃特股份,国发股份"
长江证券股份有限公司浙江分公司,4,2673.12,3,1066.4,1,"钧达股份,美芝股份,惠威科技"
西藏东方财富证券股份有限公司杭州和汇路证券营业部,8,6911.17,5,4192.41,3,"钧达股份,美芝股份"
德邦证券股份有限公司杭州新业路证券营业部,8,3155.25,3,4959.29,5,"沃特股份,吉大通信,正元智慧"
联储证券有限责任公司深圳滨海大道易思博证券营业部,2,339.07,1,962.07,1,"惠威科技,钧达股份"
中国银河证券股份有限公司淮安洪泽东十道证券营业部,5,2702.57,3,1934.23,2,"华西股份,沃特股份,富春股份,"
中信建投证券股份有限公司杭州庆春路证券营业部,11,8370.14,5,8694.44,6,"吉大通信,金冠股份,沃特股份,"
长江证券股份有限公司北京万柳东路证券营业部,3,402.3,2,182.32,1,"惠威科技,天音控股,美芝股份"
华鑫证券有限责任公司乐清双雁路证券营业部,5,1168.9,3,1010.1,2,"钧达股份,美芝股份,汉商集团"
世纪证券有限责任公司南京中山南路证券营业部,2,510.78,1,497.11,1,沃特股份
国泰君安证券股份有限公司瑞安莘阳大道证券营业部,2,1302.81,1,1477.44,1,沃特股份
东方证券股份有限公司成都建设路证券营业部,2,768.19,1,1437.72,1,"君禾股份,沃特股份"
长江证券股份有限公司台州市府大道证券营业部,7,5435.24,4,4704.79,3,"钧达股份,美芝股份,吉大通信,"
长江证券股份有限公司江苏分公司,2,1216.55,1,1283.5,1,沃特股份
招商证券股份有限公司上海娄山关路证券营业部,6,2063.23,3,2953.55,3,"钧达股份,弘业股份,美芝股份"
国盛证券有限责任公司温州百里东路证券营业部,1,0.0,0,481.4,1,惠威科技
中信建投证券股份有限公司南京江宁金箔路证券营业部,1,0.0,0,965.12,1,沃特股份
华鑫证券有限责任公司北京菜市口大街证券营业部,1,1848.57,1,0.0,0,盈趣科技
招商证券股份有限公司北京朝外大街证券营业部,1,367.71,1,0.0,0,兴瑞科技
海通证券股份有限公司深圳宝源路证券营业部,1,277.45,1,0.0,0,兴瑞科技
天风证券股份有限公司资阳广场路证券营业部,1,0.0,0,1845.7,1,盈趣科技
广州证券股份有限公司常州高新科技园证券营业部,2,514.33,1,534.23,1,"亚振家居,兴瑞科技"
广发证券股份有限公司南京洪武路证券营业部,1,0.0,0,499.33,1,兴瑞科技
兴业证券股份有限公司建瓯中山路第一证券营业部,1,0.0,0,562.73,1,盈趣科技
长江证券股份有限公司成都光华村街证券营业部,2,487.67,1,481.57,1,"东富龙,兴瑞科技"
中国银河证券股份有限公司厦门嘉禾路证券营业部,4,516.72,2,707.73,2,"盈趣科技,大烨智能,中电电机"
光大证券股份有限公司金华宾虹路证券营业部,3,0.0,0,1690.25,3,"兴瑞科技,东富龙,亚振家居"
中信建投证券股份有限公司重庆龙山路证券营业部,5,2931.82,4,490.47,1,"新华传媒,智慧松德,华平股份,"
国信证券股份有限公司广州东风中路证券营业部,2,838.37,2,0.0,0,"珠海中富,华平股份"
渤海证券股份有限公司上海定西路证券营业部,1,251.14,1,0.0,0,华平股份
国泰君安证券股份有限公司深圳海岸城海德三道证券营业部,2,571.75,1,629.2,1,中衡设计
光大证券股份有限公司深圳金田路证券营业部,1,255.21,1,0.0,0,中衡设计
华泰证券股份有限公司天津东丽开发区二纬路证券营业部,3,1835.52,2,418.0,1,"东方通信,光洋股份,意华股份"
华泰证券股份有限公司成都晋阳路证券营业部,2,240.35,1,828.64,1,"中衡设计,君禾股份"
信达证券股份有限公司广州番禺富华东路证券营业部,2,2249.3,2,0.0,0,东方通信
西部证券股份有限公司成都锦城大道证券营业部,1,167.51,1,0.0,0,中衡设计
中信证券(山东)有限责任公司淄博美食街证券营业部,2,1076.41,2,0.0,0,东方通信
华鑫证券有限责任公司南昌红谷中大道证券营业部,4,946.35,3,717.08,1,"日出东方,桂东电力,新疆交建,"
广发证券股份有限公司佛山南海西樵证券营业部,1,0.0,0,199.07,1,中衡设计
长江证券股份有限公司荆州北京西路证券营业部,1,327.56,1,0.0,0,东方通信
国融证券股份有限公司青岛秦岭路证券营业部,4,1217.21,3,460.38,1,"聚灿光电,科恒股份,桂东电力"
中天证券股份有限公司台州市府大道证券营业部,5,2631.63,2,3424.05,3,"国发股份,广西广电"
华泰证券股份有限公司南京六合彤华街证券营业部,1,0.0,0,85.69,1,中衡设计
中国银河证券股份有限公司佛山顺德乐从证券营业部,2,382.97,1,427.25,1,东方通信
江海证券有限公司深圳解放路证券营业部,2,291.71,1,456.84,1,"桂东电力,科信技术"
申港证券股份有限公司浙江分公司,2,2209.32,2,0.0,0,国发股份
东吴证券股份有限公司上海西藏南路证券营业部,2,0.0,0,718.6,2,"恒立实业,中衡设计"
长城证券股份有限公司苏州东吴北路证券营业部,1,0.0,0,279.2,1,东方通信
上海证券有限责任公司苏州干将西路证券营业部,1,206.97,1,0.0,0,桂东电力
长城证券股份有限公司杭州文一西路证券营业部,4,1644.36,3,708.85,1,"国发股份,恒大高新,湖南发展"
中国银河证券股份有限公司深圳深南大道证券营业部,1,0.0,0,72.52,1,中衡设计
海通证券股份有限公司南京广州路证券营业部,10,4680.55,3,10124.04,7,"新华传媒,佐力药业,天威视讯,"
国泰君安证券股份有限公司哈尔滨尚志大街证券营业部,1,200.36,1,0.0,0,桂东电力
平安证券股份有限公司银川凤凰北街证券营业部,9,3268.95,4,5828.8,5,"国发股份,贝通信,新宙邦,"
海通证券股份有限公司蚌埠中荣街证券营业部,5,4187.79,4,428.4,1,"科恒股份,广电网络,国发股份,"
联讯证券股份有限公司南通工农路证券营业部,7,887.28,2,3239.27,5,"深赛格,德美化工,高斯贝尔,"
中信证券股份有限公司南昌贤士一路证券营业部,1,0.0,0,250.37,1,东方通信
中信证券股份有限公司北京安外大街证券营业部,3,0.0,0,13848.96,3,"嘉凯城,国发股份"
方正证券股份有限公司株洲珠江路证券营业部,1,0.0,0,198.09,1,东方通信
安信证券股份有限公司宜宾金沙江大道证券营业部,1,0.0,0,160.3,1,桂东电力
西南证券股份有限公司福州分公司,2,0.0,0,5393.82,2,国发股份
联讯证券股份有限公司惠州龙门龙城证券营业部,1,0.0,0,158.99,1,桂东电力
五矿证券有限公司深圳金田路证券营业部,5,2653.81,2,3189.74,3,"国发股份,钧达股份"
中泰证券股份有限公司泰安东岳大街第一证券营业部,1,0.0,0,151.01,1,桂东电力
中信证券股份有限公司北京远大路证券营业部,5,1877.98,3,1859.65,2,"宇信科技,通化金马,霞客环保,"
西藏东方财富证券股份有限公司上海东方路证券营业部,7,2763.26,4,2428.68,3,"天风证券,贝通信,贵广网络,"
山西证券股份有限公司太原迎泽大街证券营业部,1,791.39,1,0.0,0,贝通信
方正证券股份有限公司成都高升桥路证券营业部,2,0.0,0,2355.64,2,"日出东方,贝通信"
太平洋证券股份有限公司许昌建安大道证券营业部,2,0.0,0,9715.37,2,"中国人保,贝通信"
湘财证券股份有限公司台州祥和路证券营业部,2,457.45,1,913.19,1,"日出东方,贝通信"
国泰君安证券股份有限公司重庆中山三路证券营业部,4,1228.98,3,284.1,1,"恒立实业,霞客环保,亚振家居"
海通证券股份有限公司深圳华富路营业部,8,2902.13,6,823.0,2,"中国人保,群兴玩具,海得控制,"
中信证券股份有限公司桐乡复兴北路证券营业部,3,397.02,2,905.64,1,亚振家居
光大证券股份有限公司深圳新园路营业部,2,1067.81,2,0.0,0,"中国人保,汉商集团"
申万宏源证券有限公司扬州扬子江中路证券营业部,2,429.7,2,0.0,0,亚振家居
光大证券股份有限公司上海宝山华和路证券营业部,1,0.0,0,333.72,1,亚振家居
中信证券股份有限公司南昌红谷中大道证券营业部,1,0.0,0,285.02,1,东方通信
中国银河证券股份有限公司沈阳三好街证券营业部,1,0.0,0,303.73,1,亚振家居
中国银河证券股份有限公司厦门美湖路证券营业部,1,0.0,0,1425.85,1,中国人保
中信证券股份有限公司杭州朝晖路证券营业部,1,0.0,0,281.12,1,东方通信
招商证券股份有限公司深圳益田路免税商务大厦证券营业部,3,0.0,0,2684.72,3,"新宙邦,亚振家居"
华泰证券股份有限公司南京户部街证券营业部,3,6090.97,3,0.0,0,"大众公用,新华传媒,安控科技"
中国中投证券有限责任公司杭州金城路证券营业部,1,0.0,0,1360.98,1,中国人保
中国民族证券有限责任公司宁波中山西路证券营业部,1,0.0,0,274.96,1,亚振家居
兴业证券股份有限公司深圳分公司,1,7936.14,1,0.0,0,市北高新
西藏东方财富证券股份有限公司上海分公司,3,1502.28,1,19265.87,2,"汉得信息,新华传媒"
华泰证券股份有限公司吴江盛泽镇市场路证券营业部,1,6843.74,1,0.0,0,市北高新
东方证券股份有限公司上海浦东新区富特西三路证券营业部,1,0.0,0,15488.0,1,新华传媒
西藏东方财富证券股份有限公司上海徐汇宛平南路证券营业部,6,18057.46,5,2698.71,1,"大众公用,市北高新,电广传媒,"
申万宏源证券有限公司上海崇明区川心街证券营业部,1,4616.22,1,0.0,0,市北高新
联讯证券股份有限公司沈阳大西路证券营业部,2,8438.97,2,0.0,0,"大众公用,市北高新"
国联证券股份有限公司无锡五爱北路证券营业部,1,0.0,0,4485.66,1,市北高新
华鑫证券有限责任公司西安解放路证券营业部,2,0.0,0,5954.0,2,"珠海中富,市北高新"
国泰君安证券股份有限公司南京太平南路证券营业部,4,2691.42,2,3604.85,2,"宇信科技,迈为股份,市北高新"
光大证券股份有限公司奉化南山路证券营业部,5,2648.95,2,2288.7,3,"超华科技,华平股份,恒大高新,"
中信证券股份有限公司北京呼家楼证券营业部,1,0.0,0,539.54,1,华平股份
华鑫证券有限责任公司马鞍山分公司,3,642.0,1,885.69,2,"安控科技,华平股份,智慧松德"
广发证券股份有限公司天津环湖中路证券营业部,1,405.68,1,0.0,0,智慧松德
中国银河证券股份有限公司上海漕宝路证券营业部,1,791.08,1,0.0,0,汉得信息
华鑫证券有限责任公司上海自贸试验区分公司,1,364.85,1,0.0,0,智慧松德
中国银河证券股份有限公司北京建国路证券营业部,9,1507.87,5,1580.54,4,"智慧松德,亿通科技,海得控制,"
中信证券股份有限公司杭州玉皇山南基金小镇证券营业部,4,16414.69,2,17161.3,2,"康得新,贝通信,汉得信息"
华泰证券股份有限公司无锡解放西路证券营业部,2,316.97,1,835.9,1,"大烨智能,智慧松德"
兴业证券股份有限公司成都航空路证券营业部,2,0.0,0,821.95,2,"天奥电子,智慧松德"
华泰证券股份有限公司永嘉阳光大道证券营业部,5,3067.39,3,2652.11,2,"佐力药业,安控科技,日出东方"
财通证券股份有限公司绍兴解放大道证券营业部,3,1545.33,2,805.73,1,"吴通控股,东富龙"
财通证券股份有限公司绍兴人民中路证券营业部,2,1015.56,1,240.75,1,"吴通控股,天奥电子"
中国银河证券股份有限公司成都科华北路证券营业部,3,808.35,2,290.43,1,"湖北广电,熙菱信息"
华西证券股份有限公司重庆中山三路证券营业部,2,1037.1,2,0.0,0,"吴通控股,意华股份"
国联证券股份有限公司深圳海秀路证券营业部,2,292.35,1,283.19,1,熙菱信息
东方证券股份有限公司上海浦东新区春晓路证券营业部,6,3342.44,4,1743.6,2,"新开源,园城黄金,吴通控股,"
东莞证券股份有限公司东莞虎门分公司,1,171.49,1,0.0,0,熙菱信息
华龙证券股份有限公司深圳民田路证券营业部,1,443.4,1,0.0,0,吴通控股
长江证券股份有限公司上海锦绣路证券营业部,2,1464.26,2,0.0,0,"佐力药业,新开源"
中国中投证券有限责任公司东莞胜和路证券营业部,1,0.0,0,145.1,1,熙菱信息
华泰证券股份有限公司武汉首义路证券营业部,1,0.0,0,583.37,1,吴通控股
东方证券股份有限公司长春同志街证券营业部,2,2466.9,1,1410.1,1,佐力药业
中国银河证券股份有限公司沈阳三经街证券营业部,1,0.0,0,142.85,1,熙菱信息
中国银河证券股份有限公司北京阜成路证券营业部,1,0.0,0,381.14,1,吴通控股
东吴证券股份有限公司苏州吴中区木渎镇证券营业部,4,144.25,1,4841.78,3,"*ST尤夫,中弘退,吴通控股"
国信证券股份有限公司深圳泰然九路证券营业部,7,1294.36,3,1643.39,4,"上海新阳,海得控制,金力永磁,"
网信证券有限责任公司北京上地农大南路证券营业部,2,0.0,0,300.25,2,熙菱信息
华泰证券股份有限公司苏州新市路证券营业部,1,0.0,0,234.58,1,吴通控股
西藏东方财富证券股份有限公司拉萨团结路第一证券营业部,6,10910.0,4,820.76,2,"大众公用,贝通信,大烨智能,"
华泰证券股份有限公司天津勤俭道证券营业部,3,802.89,2,539.55,1,"吉视传媒,立昂技术,佐力药业"
天风证券股份有限公司武汉和平大道证券营业部,4,4417.12,3,1769.86,1,金太阳
九州证券股份有限公司浙江分公司,8,7151.45,5,4689.28,3,"吉大通信,金冠股份"
安信证券股份有限公司汕头金砂路第一证券营业部,2,1296.69,1,892.33,1,金太阳
中信建投证券股份有限公司杭州市民街证券营业部,4,3937.7,3,1794.87,1,吉大通信
安信证券股份有限公司嘉兴嘉善施家南路证券营业部,2,1167.16,1,1320.06,1,金太阳
中信证券股份有限公司温岭万昌中路证券营业部,3,733.23,1,1012.81,2,"吉大通信,海容冷链"
财通证券股份有限公司慈溪开发大道证券营业部,6,7461.34,5,1531.27,1,吉大通信
招商证券股份有限公司龙口南山路证券营业部,2,853.66,1,963.65,1,金太阳
首创证券有限责任公司杭州文二路证券营业部,2,837.43,1,457.95,1,"广电网络,吉大通信"
中国银河证券股份有限公司深圳高新南一道中科大厦证券营业部,1,0.0,0,633.8,1,金太阳
天风证券股份有限公司杭州教工路证券营业部,1,0.0,0,275.15,1,吉大通信
安信证券股份有限公司深圳红荔西路证券营业部,1,0.0,0,546.1,1,金太阳
华林证券股份有限公司深圳龙翔大道证券营业部,1,0.0,0,538.93,1,金太阳
东吴证券股份有限公司苏州狮山路营业部,3,167.55,1,494.71,2,"科信技术,吉大通信"
银泰证券有限责任公司西安友谊西路证券营业部,1,0.0,0,474.88,1,金太阳
中信建投证券股份有限公司北京青年路证券营业部,1,0.0,0,187.8,1,吉大通信
平安证券股份有限公司上海分公司,5,1906.47,4,203.96,1,"正元智慧,贝通信,金力永磁,"
东北证券股份有限公司长春西安大路证券营业部,2,903.6,2,0.0,0,"大烨智能,园城黄金"
中邮证券有限责任公司江西分公司,2,464.45,1,398.85,1,大烨智能
浙商证券股份有限公司金华后街证券营业部,1,380.48,1,0.0,0,正元智慧
国信证券股份有限公司成都二环路证券营业部,2,756.95,2,0.0,0,"大烨智能,金力永磁"
东莞证券股份有限公司北京分公司,2,454.7,1,425.64,1,大烨智能
中信建投证券股份有限公司北京燕山燕房路证券营业部,3,342.71,1,582.16,2,"正元智慧,亿通科技,滨海能源"
国泰君安证券股份有限公司宜春袁山中路证券营业部,1,0.0,0,1278.41,1,正元智慧
申万宏源西部证券有限公司沈阳十一纬路证券营业部,3,0.0,0,1405.67,3,"大烨智能,美丽生态,亚振家居"
东兴证券股份有限公司莆田梅园东路证券营业部,3,1317.82,2,684.43,1,"新华传媒,金力永磁,正元智慧"
中国银河证券股份有限公司桂林中山中路证券营业部,2,1035.53,1,571.92,1,"电广传媒,大烨智能"
西藏东方财富证券股份有限公司山南香曲东路证券营业部,3,1023.71,2,503.58,1,"贝通信,宇信科技,正元智慧"
国泰君安证券股份有限公司成都双庆路证券营业部,1,0.0,0,334.73,1,大烨智能
光大证券股份有限公司宁波悦盛路证券营业部,2,1022.81,1,492.97,1,"天风证券,正元智慧"
国泰君安证券股份有限公司上海福山路证券营业部,7,245.86,1,12653.93,6,"广西广电,上海新阳,华控赛格,"
华福证券有限责任公司厦门湖滨南路证券营业部,6,4890.4,3,9357.45,3,"贝通信,宇信科技,天风证券"
华鑫证券有限责任公司山东分公司,2,251.5,1,382.14,1,朗新科技
广发证券股份有限公司北京中关村东路证券营业部,1,231.59,1,0.0,0,朗新科技
东方证券股份有限公司杭州龙井路证券营业部,5,2317.56,3,1598.41,2,"宇信科技,凯美特气"
中国中投证券有限责任公司哈尔滨赣水路证券营业部,1,198.42,1,0.0,0,朗新科技
民生证券股份有限公司驻马店交通路证券营业部,5,1820.72,3,1202.42,2,"宇信科技,光洋股份"
天风证券股份有限公司绍兴杨绍线证券营业部,2,190.19,1,1764.23,1,"朗新科技,延安必康"
海通证券股份有限公司沈阳大西路证券营业部,1,389.53,1,0.0,0,宇信科技
国海证券股份有限公司桂林中山中路证券营业部,5,2204.54,1,17062.08,4,"大众公用,群兴玩具,朗新科技"
东莞证券股份有限公司四川分公司,13,2431.5,5,2812.99,8,"湖南发展,科恒股份,天威视讯,"
申万宏源证券有限公司九江九瑞大道证券营业部,1,0.0,0,233.22,1,朗新科技
华泰证券股份有限公司合肥怀宁路证券营业部,1,301.32,1,0.0,0,金力永磁
国泰君安证券股份有限公司深圳龙华壹成中心证券营业部,2,819.03,1,603.7,1,迈为股份
中航证券有限公司广州天河北路证券营业部,7,2524.41,5,522.83,2,"安控科技,漫步者,金力永磁,"
国信证券股份有限公司上海北京东路证券营业部,5,794.12,2,643.63,3,"迈为股份,天音控股,旋极信息,"
东北证券股份有限公司德惠德惠路证券营业部,1,201.68,1,0.0,0,金力永磁
广发证券股份有限公司汕头海滨路证券营业部,3,1454.34,2,651.73,1,迈为股份
广发证券股份有限公司广州天河路证券营业部,1,186.54,1,0.0,0,金力永磁
华泰证券股份有限公司长沙韶山北路证券营业部,2,580.99,1,155.96,1,"迈为股份,康德莱"
国泰君安证券股份有限公司深圳红荔西路证券营业部,3,431.32,1,1033.48,2,"通化金马,恒立实业,金力永磁"
光大证券股份有限公司丹阳中新路证券营业部,2,992.34,1,1490.94,1,"新华传媒,迈为股份"
南京证券股份有限公司南京中山北路证券营业部,1,0.0,0,282.27,1,金力永磁
东海证券股份有限公司杭州紫霞街证券营业部,2,0.0,0,2201.2,2,"迈为股份,电广传媒"
中信证券股份有限公司北京紫竹院路证券营业部,3,0.0,0,1237.82,3,"迈为股份,金力永磁"
中国银河证券股份有限公司南昌广场东路证券营业部,1,0.0,0,262.98,1,金力永磁
海通证券股份有限公司深圳分公司海德三道证券营业部,2,2235.54,2,0.0,0,深赛格
国泰君安证券股份有限公司上海银城中路证券营业部,4,4095.54,4,0.0,0,"中信国安,新宙邦,华数传媒,"
广发证券股份有限公司梅州蕉岭证券营业部,2,1168.4,2,0.0,0,深赛格
国联证券股份有限公司无锡梁溪路证券营业部,3,1177.16,2,364.42,1,深赛格
申万宏源证券有限公司上海闵行区东川路证券营业部,3,21075.62,3,0.0,0,"闻泰科技,吉视传媒,华数传媒"
国泰君安证券股份有限公司江西分公司,3,1096.08,3,0.0,0,"波导股份,华数传媒,康德莱"
万联证券股份有限公司广州珠江新城证券营业部,1,299.79,1,0.0,0,华数传媒
申万宏源证券有限公司上海普陀区武宁路证券营业部,1,0.0,0,668.03,1,华数传媒
红塔证券股份有限公司抚州学府路证券营业部,1,0.0,0,571.21,1,华数传媒
招商证券股份有限公司北京西直门北大街营业部,1,0.0,0,388.82,1,华数传媒
中国中投证券有限责任公司南京中央路证券营业部,3,1488.17,1,1503.65,2,"华西股份,深赛格,贝通信"
海通证券股份有限公司杭州环城西路证券营业部,1,0.0,0,372.02,1,华数传媒
申万宏源西部证券有限公司南宁英华路证券营业部,2,1316.17,1,1099.63,1,长虹美菱
西藏东方财富证券股份有限公司开封黄河大街证券营业部,3,820.0,1,1050.2,2,"长虹美菱,凯美特气"
国泰君安证券股份有限公司郑州黄河路证券营业部,2,789.18,1,675.36,1,长虹美菱
招商证券股份有限公司深圳科技园高新南一道证券营业部,2,0.0,0,6996.89,2,长虹美菱
海通证券股份有限公司宁波解放北路证券营业部,4,520.89,1,6146.15,3,"光一科技,长虹美菱,电广传媒"
中信建投证券股份有限公司深圳福中路证券营业部,1,5140.33,1,0.0,0,珠海中富
长江证券股份有限公司广州天河北路证券营业部,2,1319.93,2,0.0,0,"金花股份,珠海中富"
中国银河证券股份有限公司上海宜川路证券营业部,1,476.62,1,0.0,0,珠海中富
开源证券股份有限公司西安锦业路证券营业部,1,339.78,1,0.0,0,珠海中富
平安证券股份有限公司江苏分公司,3,951.15,2,903.08,1,"吉翔股份,大烨智能,珠海中富"
东北证券股份有限公司南宁东葛路证券营业部,1,0.0,0,466.31,1,珠海中富
国金证券股份有限公司杭州钱江路证券营业部,2,0.0,0,622.68,2,"湖南发展,珠海中富"
东吴证券股份有限公司苏州西北街证券营业部,7,4439.93,4,2011.78,3,"光一科技,沙钢股份,湖北广电,"
广发证券股份有限公司苏州苏州大道东证券营业部,4,1422.51,2,1545.74,2,湖南发展
中信证券股份有限公司上海红宝石路证券营业部,2,956.25,2,0.0,0,"湖南发展,三木集团"
上海证券有限责任公司北京和平里北街证券营业部,1,413.57,1,0.0,0,湖北广电
华泰证券股份有限公司深圳红荔路证券营业部,2,216.2,1,464.35,1,"湖北广电,群兴玩具"
中信证券股份有限公司杭州延安路证券营业部,9,2985.7,4,3917.79,5,"天风证券,凯美特气,湖南发展,"
平安证券股份有限公司浙江分公司,4,3049.53,1,1299.37,3,"延安必康,立昂技术,湖北广电,"
广发证券股份有限公司武汉珞狮路证券营业部,2,0.0,0,684.03,2,"天威视讯,湖北广电"
中国银河证券股份有限公司娄底乐坪大道证券营业部,2,0.0,0,1395.69,2,湖南发展
浙商证券股份有限公司绍兴金柯桥大道证券营业部,1,0.0,0,423.52,1,湖北广电
华泰证券股份有限公司沈阳大西路证券营业部,3,848.59,1,648.32,2,"中衡设计,双环传动,湖北广电"
国融证券股份有限公司北京中关村大街证券营业部,1,0.0,0,176.48,1,湖南发展
国泰君安证券股份有限公司临沂北京路证券营业部,1,0.0,0,272.03,1,湖北广电
中信建投证券股份有限公司长沙金星中路证券营业部,1,0.0,0,157.82,1,湖南发展
中信建投证券股份有限公司重庆涪陵广场路证券营业部,2,8371.57,2,0.0,0,"中信国安,旋极信息"
浙商证券股份有限公司淳安明珠路证券营业部,5,4386.7,3,2799.16,2,"电广传媒,佐力药业,群兴玩具"
申万宏源西部证券有限公司深圳福华一路证券营业部,1,1629.13,1,0.0,0,电广传媒
中泰证券股份有限公司福州五一北路证券营业部,2,532.27,1,404.22,1,嘉凯城
中泰证券股份有限公司德州三八中路证券营业部,1,1867.69,1,0.0,0,中信国安
国泰君安证券股份有限公司上海分公司,1,1613.43,1,0.0,0,电广传媒
东北证券股份有限公司天津分公司,1,515.34,1,0.0,0,嘉凯城
财富证券有限责任公司长沙芙蓉中路证券营业部,1,1412.26,1,0.0,0,电广传媒
海通证券股份有限公司上海合肥路证券营业部,1,473.26,1,0.0,0,嘉凯城
南京证券股份有限公司连云港通灌南路证券营业部,2,1578.63,1,1567.7,1,中信国安
国泰君安证券股份有限公司宁波彩虹北路证券营业部,5,1406.64,1,18947.43,4,"电广传媒,大众公用"
华鑫证券有限责任公司上海红宝石路证券营业部,5,2678.01,2,5049.21,3,"超华科技,电广传媒"
西南证券股份有限公司杭州庆春东路证券营业部,3,800.57,1,1987.1,2,"光洋股份,电广传媒,吉翔股份"
南京证券股份有限公司广州体育西路证券营业部,1,0.0,0,946.78,1,中信国安
中银国际证券股份有限公司北京宣外大街证券营业部,1,0.0,0,544.41,1,中信国安
广州证券股份有限公司深圳福华路证券营业部,1,0.0,0,298.52,1,嘉凯城
中国银河证券股份有限公司宝应白田路证券营业部,1,519.48,1,0.0,0,南天信息
华安证券股份有限公司成都星狮路证券营业部,1,412.97,1,0.0,0,南天信息
中泰证券股份有限公司哈尔滨上海街证券营业部,1,134.86,1,0.0,0,中弘退
中信证券股份有限公司深圳总部证券营业部,5,340.29,1,1405.76,4,"南天信息,*ST尤夫,漫步者,"
广发证券股份有限公司厦门湖滨南路证券营业部,1,114.38,1,0.0,0,中弘退
海通证券股份有限公司杭州文化路证券营业部,4,678.58,2,878.81,2,"双林股份,华夏航空,南天信息,"
联讯证券股份有限公司惠州惠阳体育路证券营业部,1,104.19,1,0.0,0,中弘退
华福证券有限责任公司泉州丰泽街证券营业部,3,0.0,0,1261.15,3,中弘退
广发证券股份有限公司潮州潮枫路证券营业部,3,157.99,1,348.35,2,中弘退
广发证券股份有限公司广州番禺环城东路证券营业部,1,0.0,0,70.5,1,中弘退
华鑫证券有限责任公司深圳益田路证券营业部,3,1114.74,2,274.32,1,"湖南发展,恒大高新,南天信息"
安信证券股份有限公司合肥徽州大道证券营业部,1,607.71,1,0.0,0,德美化工
平安证券股份有限公司北京东花市证券营业部,2,6421.02,2,0.0,0,"沙钢股份,康得新"
长江证券股份有限公司深圳福华路证券营业部,2,858.1,1,923.77,1,超华科技
国信证券股份有限公司珠海文园路五洲花城证券营业部,1,426.93,1,0.0,0,德美化工
方正证券股份有限公司岳阳巴陵东路证券营业部,2,1275.96,2,0.0,0,"光洋股份,德美化工"
方正证券股份有限公司南京珠江路证券营业部,2,5482.6,2,0.0,0,"延安必康,超华科技"
中国银河证券股份有限公司宜昌新世纪证券营业部,3,628.69,2,669.65,1,"德美化工,赛象科技,维科技术"
东吴证券股份有限公司张家港杨舍证券营业部,1,1639.65,1,0.0,0,沙钢股份
长江证券股份有限公司海南分公司,2,810.91,1,884.39,1,超华科技
国泰君安证券股份有限公司上海商城路证券营业部,2,0.0,0,56309.26,2,"沙钢股份,康得新"
华宝证券有限责任公司北京分公司,1,0.0,0,5630.11,1,沙钢股份
西藏东方财富证券股份有限公司拉萨东环路第一证券营业部,2,158.65,1,239.36,1,"广西广电,德美化工"
国泰君安证券股份有限公司重庆九尺坎证券营业部,4,2117.61,2,1556.6,2,超华科技
国泰君安证券股份有限公司北京德外大街证券营业部,1,0.0,0,3038.91,1,沙钢股份
长江证券股份有限公司黄冈八一路证券营业部,1,0.0,0,232.55,1,德美化工
中银国际证券股份有限公司大连黄河路证券营业部,2,0.0,0,3140.18,2,"沙钢股份,康德莱"
长江证券股份有限公司武汉友谊路证券营业部,1,0.0,0,2017.66,1,超华科技
中信证券股份有限公司北京总部证券营业部,1,0.0,0,1084.52,1,超华科技
广发证券股份有限公司梅州梅江二路证券营业部,1,0.0,0,978.18,1,超华科技
国泰君安证券股份有限公司徐州和平路证券营业部,2,1916.21,2,0.0,0,"海峡股份,海汽集团"
信达证券股份有限公司长沙八一路证券营业部,1,387.28,1,0.0,0,延安必康
兴业证券股份有限公司福州湖东路证券营业部,7,3858.36,4,3405.68,3,"盛达矿业,华夏航空,漫步者"
招商证券股份有限公司上海肇嘉浜路证券营业部,1,115.81,1,0.0,0,延安必康
华泰证券股份有限公司舟山解放东路证券营业部,1,984.3,1,0.0,0,海峡股份
华鑫证券有限责任公司杭州飞云江路证券营业部,7,4361.64,5,2270.44,2,"海得控制,海峡股份,新华锦,"
中信证券股份有限公司绍兴分公司,1,414.94,1,0.0,0,漫步者
广发证券股份有限公司深圳天安创新科技广场证券营业部,1,0.0,0,2703.11,1,海峡股份
中银国际证券股份有限公司杭州庆春路证券营业部,3,1232.25,1,1315.05,2,"贝通信,漫步者"
中泰证券股份有限公司湖南分公司,4,989.38,2,753.71,2,"东富龙,长虹美菱,延安必康"
中信建投证券股份有限公司海口海府大道证券营业部,1,0.0,0,699.01,1,海峡股份
招商证券股份有限公司北京金融街证券营业部,1,0.0,0,210.81,1,漫步者
中信建投证券股份有限公司济南经四路证券营业部,1,0.0,0,305.75,1,延安必康
中信建投证券股份有限公司北京三里河路证券营业部,1,0.0,0,657.46,1,海峡股份
方正证券股份有限公司襄阳檀溪路证券营业部,1,0.0,0,154.84,1,漫步者
联储证券有限责任公司义乌四季路证券营业部,1,0.0,0,252.75,1,延安必康
国泰君安证券股份有限公司海口国贸大道证券营业部,3,4240.99,1,4565.38,2,"康得新,海峡股份"
国泰君安证券股份有限公司九江甘棠路证券营业部,1,0.0,0,146.11,1,漫步者
财通证券股份有限公司温州人民东路证券营业部,3,469.86,1,434.22,2,"华夏航空,延安必康"
信达证券股份有限公司北京万寿路证券营业部,1,0.0,0,287.6,1,海峡股份
西南证券股份有限公司温州汤家桥路证券营业部,2,0.0,0,8394.03,2,延安必康
财通证券股份有限公司玉环广陵路证券营业部,1,605.87,1,0.0,0,双环传动
华泰证券股份有限公司岳阳五里牌证券营业部,3,253.84,1,3228.77,2,"双环传动,凯美特气"
浙商证券股份有限公司玉环长兴路证券营业部,1,231.23,1,0.0,0,双环传动
中国国际金融股份有限公司上海黄浦区湖滨路证券营业部,2,2147.8,2,0.0,0,凯美特气
中国银河证券股份有限公司南京上海路证券营业部,2,287.61,2,0.0,0,"双环传动,宋都股份"
中山证券有限责任公司厦门湖滨南路证券营业部,4,5550.01,3,3139.67,1,凯美特气
广发证券股份有限公司江门台山南门西路证券营业部,1,200.1,1,0.0,0,双环传动
广发证券股份有限公司泉州涂门街证券营业部,5,2384.84,3,1915.47,2,"赛象科技,双林股份,双环传动"
中信建投证券股份有限公司株洲建设中路证券营业部,3,0.0,0,1594.35,3,凯美特气
湘财证券股份有限公司长沙新民路证券营业部,1,0.0,0,325.47,1,凯美特气
安信证券股份有限公司汕头澄海证券营业部,1,1009.99,1,0.0,0,群兴玩具
华泰证券股份有限公司上海杨浦区国宾路证券营业部,4,2159.73,3,812.11,1,"光洋股份,佐力药业,东富龙"
安信证券股份有限公司临安广电路证券营业部,1,378.15,1,0.0,0,群兴玩具
华泰证券股份有限公司绍兴府山证券营业部,2,1643.33,2,0.0,0,"湖南发展,群兴玩具"
中国银河证券股份有限公司大连人民路证券营业部,1,350.37,1,0.0,0,群兴玩具
中国中投证券有限责任公司深圳宝安兴华路证券营业部,1,196.28,1,0.0,0,恒大高新
光大证券股份有限公司天津广东路证券营业部,2,710.04,1,1289.27,1,"光洋股份,电广传媒"
中泰证券股份有限公司九江长江大道证券营业部,1,0.0,0,747.35,1,恒大高新
海通证券股份有限公司滁州天长东路证券营业部,4,3782.3,3,423.34,1,"超华科技,光一科技,恒大高新"
西藏东方财富证券股份有限公司拉萨东环路第二证券营业部,11,3613.13,7,2703.64,4,"光洋股份,新华传媒,贝通信,"
华泰证券股份有限公司成都蜀金路证券营业部,3,795.98,2,695.97,1,"华控赛格,高斯贝尔,君禾股份"
申万宏源西部证券有限公司深圳彩田路证券营业部,1,239.17,1,0.0,0,高斯贝尔
宏信证券有限责任公司南充涪江路证券营业部,5,2078.86,3,1310.68,2,"贵广网络,科顺股份,聚灿光电,"
宏信证券有限责任公司成都锦城大道证券营业部,1,0.0,0,579.37,1,高斯贝尔
联讯证券股份有限公司揭阳临江北路证券营业部,1,0.0,0,354.75,1,高斯贝尔
国海证券股份有限公司金华八一南街证券营业部,2,355.65,1,504.6,1,美芝股份
国信证券股份有限公司北京三里河证券营业部,1,248.74,1,0.0,0,意华股份
广发证券股份有限公司茂名高凉中路证券营业部,1,223.49,1,0.0,0,意华股份
中国中投证券有限责任公司鞍山南胜利路证券营业部,2,1134.86,1,526.97,1,"贵广网络,吉视传媒"
光大证券股份有限公司宁波甬江大道证券营业部,4,5820.91,4,0.0,0,"波导股份,宋都股份,吉大通信,"
国泰君安证券股份有限公司顺德东乐路证券营业部,4,6655.41,4,0.0,0,"新华传媒,吉视传媒,东方通信"
长城证券股份有限公司上海延安西路证券营业部,2,2042.62,2,0.0,0,国发股份
长江证券股份有限公司厦门湖滨北路证券营业部,1,0.0,0,679.82,1,意华股份
中原证券股份有限公司北京酒仙桥路证券营业部,2,476.0,1,372.68,1,"国发股份,大烨智能"
华泰证券股份有限公司南通人民中路证券营业部,1,392.1,1,0.0,0,波导股份
国泰君安证券股份有限公司上海打浦路证券营业部,1,2569.79,1,0.0,0,大众公用
中信证券(山东)有限责任公司郑州农业东路证券营业部,1,496.05,1,0.0,0,贵广网络
方正证券股份有限公司贵阳中华中路证券营业部,2,399.57,1,495.98,1,"吉视传媒,华平股份"
海通证券股份有限公司铜陵长江中路证券营业部,1,389.04,1,0.0,0,波导股份
华金证券股份有限公司北京万柳中路证券营业部,1,0.0,0,1037.88,1,贵广网络
湘财证券股份有限公司上海陆家嘴证券营业部,1,0.0,0,647.33,1,吉视传媒
华泰证券股份有限公司利川公园路证券营业部,1,0.0,0,1006.57,1,贵广网络
招商证券股份有限公司寿光圣城街证券营业部,4,7043.04,2,6647.57,2,大众公用
华泰证券股份有限公司扬州文昌中路证券营业部,2,0.0,0,300.55,2,"新华锦,波导股份"
东吴证券股份有限公司苏州工业园区现代大道证券营业部,1,0.0,0,369.05,1,贵广网络
中信证券股份有限公司上海恒丰路证券营业部,2,0.0,0,20262.94,2,"闻泰科技,吉视传媒"
招商证券股份有限公司北京北苑路证券营业部,1,0.0,0,235.47,1,波导股份
国海证券股份有限公司柳州晨华路证券营业部,1,0.0,0,341.36,1,贵广网络
中国银河证券股份有限公司重庆民族路证券营业部,1,0.0,0,529.32,1,国发股份
中银国际证券股份有限公司海口蓝天路证券营业部,1,0.0,0,293.16,1,吉视传媒
光大证券股份有限公司上海蒙山路证券营业部,1,0.0,0,214.35,1,波导股份
沪股通专用,1,0.0,0,288.84,1,贵广网络
光大证券股份有限公司宁波解放南路证券营业部,3,1141.72,1,1189.22,2,"联创互联,吉视传媒"
爱建证券有限责任公司莆田东圳路证券营业部,1,0.0,0,193.99,1,波导股份
网信证券有限责任公司沈阳兴华南街证券营业部,1,363.96,1,0.0,0,海汽集团
第一创业证券股份有限公司北京新街口北大街证券营业部,3,1159.15,2,709.66,1,"新华传媒,聚灿光电"
东兴证券股份有限公司邵武五一九路证券营业部,2,511.31,2,0.0,0,"海汽集团,维科技术"
广发证券股份有限公司佛山岭南大道北证券营业部,2,266.57,1,214.57,1,海汽集团
中国中投证券有限责任公司杭州环球中心证券营业部,8,4399.39,4,4398.77,4,"安控科技,贝通信,中衡设计,"
光大证券股份有限公司深圳深南大道证券营业部,4,440.56,1,1899.29,3,"华平股份,海得控制,中电电机"
申万宏源证券有限公司国际部,1,0.0,0,185.9,1,海汽集团
方正证券股份有限公司长沙枫林三路证券营业部,1,0.95,1,0.0,0,新疆交建
中国银河证券股份有限公司杭州天城东路证券营业部,4,4288.56,2,5932.65,2,"新华传媒,安控科技"
兴业证券股份有限公司湖南分公司,1,0.0,0,129.92,1,海汽集团
第一创业证券股份有限公司上海国展路证券营业部,1,0.0,0,121.54,1,海汽集团
申港证券股份有限公司福建分公司,1,0.0,0,2078.79,1,贝通信
中泰证券股份有限公司济南英雄山路证券营业部,1,0.0,0,1803.28,1,新华传媒
中信证券(山东)有限责任公司青岛标山路证券营业部,1,0.0,0,839.89,1,贝通信
国融证券股份有限公司呼和浩特如意西街证券营业部,1,0.52,1,0.0,0,新疆交建
中信证券股份有限公司中山中山四路证券营业部,4,3438.96,3,2216.95,1,"天风证券,联创互联"
国都证券股份有限公司北京北三环中路证券营业部,2,1020.2,2,0.0,0,"天风证券,滨海能源"
中信建投证券股份有限公司广州云城南三路证券营业部,2,797.23,1,4236.19,1,"联创互联,天风证券"
中山证券有限责任公司福州东街证券营业部,1,0.0,0,3164.66,1,天风证券
中泰证券股份有限公司北京百万庄大街证券营业部,1,264.23,1,0.0,0,华平股份
华泰证券股份有限公司厦门厦禾路证券营业部,12,1639.91,3,6851.12,9,"恒立实业,东方新星,*ST尤夫,"
国信证券股份有限公司山东分公司,1,0.09,1,0.0,0,新疆交建
广发证券股份有限公司珠海情侣中路证券营业部,1,983.78,1,0.0,0,新宙邦
万联证券股份有限公司乐山柏杨路证券营业部,1,220.11,1,0.0,0,华平股份
华安证券股份有限公司合肥长江中路证券营业部,1,0.0,0,1.03,1,新疆交建
国金证券股份有限公司上海互联网证券分公司,6,3146.78,4,1625.79,2,"光洋股份,中衡设计,宇信科技,"
申万宏源证券有限公司上海黄浦区新昌路证券营业部,1,0.0,0,951.86,1,中衡设计
申万宏源证券有限公司重庆小新街营业部,1,0.0,0,437.23,1,中衡设计
华泰证券股份有限公司苏州人民路证券营业部,2,561.59,1,419.96,1,"弘业股份,中衡设计"
东海证券股份有限公司吴江中山南路证券营业部,1,0.0,0,403.19,1,中衡设计
中国银河证券股份有限公司南京洪武路证券营业部,2,741.93,1,200.55,1,"弘业股份,大烨智能"
中国中投证券有限责任公司南京太平南路证券营业部,3,1175.93,2,998.87,1,"宇信科技,亿通科技,弘业股份"
国元证券股份有限公司上海虹桥路证券营业部,1,0.0,0,995.08,1,弘业股份
华泰证券股份有限公司南京中山北路第二证券营业部,1,0.0,0,571.62,1,弘业股份
中国中投证券有限责任公司南通姚港路证券营业部,1,0.0,0,422.4,1,弘业股份
华泰证券股份有限公司北京雍和宫证券营业部,1,0.0,0,0.95,1,新疆交建
海通证券股份有限公司杭州解放路证券营业部,7,6488.26,3,6754.11,4,"海得控制,吉大通信,新宙邦"
中信证券股份有限公司大连星海广场证券营业部,1,0.0,0,0.73,1,新疆交建
平安证券股份有限公司武汉建设大道证券营业部,2,1241.11,2,0.0,0,"天风证券,佐力药业"
长江证券股份有限公司杭州西湖大道证券营业部,1,0.0,0,888.03,1,东富龙
东北证券股份有限公司威海统一路证券营业部,1,752.96,1,0.0,0,上海新阳
兴业证券股份有限公司南安新华街证券营业部,1,294.71,1,0.0,0,华昌达
申万宏源西部证券有限公司北京紫竹院路证券营业部,1,729.8,1,0.0,0,上海新阳
中信建投证券股份有限公司济南泺源大街证券营业部,1,294.52,1,0.0,0,华昌达
东莞证券股份有限公司苏州广济北路证券营业部,2,683.33,1,1686.99,1,"富春股份,安控科技"
申万宏源证券有限公司重庆中山一路证券营业部,1,521.65,1,0.0,0,上海新阳
万联证券股份有限公司广州寺右新马路证券营业部,1,230.42,1,0.0,0,华昌达
西藏东方财富证券股份有限公司东营东三路证券营业部,1,491.22,1,0.0,0,富春股份
东方证券股份有限公司上海浦东新区牡丹路证券营业部,1,0.0,0,951.87,1,上海新阳
安信证券股份有限公司福建分公司,2,2098.24,1,2059.78,1,"金太阳,华昌达"
方正证券股份有限公司北京回龙观西大街证券营业部,1,0.0,0,685.32,1,富春股份
国泰君安证券股份有限公司武汉紫阳东路证券营业部,1,0.0,0,1084.17,1,华昌达
东北证券股份有限公司武汉水果湖路营业部,2,1161.6,1,1078.16,1,"金太阳,华昌达"
国泰君安证券股份有限公司宜昌珍珠路证券营业部,2,172.48,1,304.69,1,"中电电机,富春股份"
华林证券股份有限公司深圳益田路证券营业部,4,1834.7,2,2060.84,2,"金太阳,华昌达"
国元证券股份有限公司佛山季华五路证券营业部,1,0.0,0,524.94,1,上海新阳
兴业证券股份有限公司杭州清泰街证券营业部,1,0.0,0,249.31,1,富春股份
安信证券股份有限公司梅州新中路证券营业部,3,157.43,1,1979.77,2,"上海新阳,超华科技,科信技术"
华鑫证券有限责任公司苏州总官堂路证券营业部,3,1042.56,2,402.31,1,"安控科技,钧达股份"
中信证券（山东）有限责任公司淄博分公司,5,3078.93,4,421.24,1,"安控科技,双林股份,海得控制"
海通证券股份有限公司北京工人体育场北路证券营业部,1,150.87,1,0.0,0,熙菱信息
广州证券股份有限公司北京三里河东路证券营业部,1,0.0,0,794.07,1,安控科技
华泰证券股份有限公司杭州解放东路证券营业部,1,0.0,0,595.97,1,安控科技
广发证券股份有限公司成都新光路证券营业部,1,0.0,0,468.36,1,安控科技
信达证券股份有限公司浙江分公司,1,789.11,1,0.0,0,吉大通信
万和证券股份有限公司湖北分公司,3,1981.17,2,1104.55,1,金太阳
上海证券有限责任公司乐清柳市惠丰路证券营业部,1,0.0,0,947.92,1,金太阳
上海证券有限责任公司深圳民田路证券营业部,3,978.14,1,2568.6,2,"恒立实业,吉大通信"
申万宏源西部证券有限公司中山中山四路证券营业部,1,0.0,0,523.68,1,金太阳
东兴证券股份有限公司南平滨江中路证券营业部,2,257.45,1,244.36,1,"维科技术,吉大通信"
华泰证券股份有限公司上海长宁区仙霞路证券营业部,2,222.46,1,194.9,1,大烨智能
华福证券有限责任公司泉州田安路证券营业部,1,197.42,1,0.0,0,大烨智能
中国中投证券有限责任公司靖江人民南路证券营业部,2,186.43,1,1884.0,1,"大烨智能,亿通科技"
信达证券股份有限公司北京科丰桥证券营业部,1,0.0,0,248.32,1,大烨智能
华泰证券股份有限公司南京解放路证券营业部,3,1871.76,2,320.67,1,"迈为股份,先锋新材"
长江证券股份有限公司上海世纪大道证券营业部,8,6809.05,5,3400.95,3,"宇信科技,迈为股份,光一科技,"
广发证券股份有限公司上海民生路证券营业部,1,373.28,1,0.0,0,宇信科技
广州证券股份有限公司武汉中南路证券营业部,1,0.0,0,521.92,1,宇信科技
东方证券股份有限公司杭州体育场路证券营业部,2,0.0,0,872.49,2,迈为股份
长江证券股份有限公司上海东明路证券营业部,1,2040.58,1,0.0,0,华控赛格
东方证券股份有限公司台州椒江区中山东路证券营业部,1,1288.55,1,0.0,0,华控赛格
华融证券股份有限公司深圳金田路证券营业部,2,393.4,1,7695.6,1,"长虹美菱,延安必康"
华宝证券有限责任公司舟山解放西路证券营业部,5,2601.6,4,864.7,1,"盛达矿业,天威视讯,东方新星"
西部证券股份有限公司深圳前海证券营业部,1,439.27,1,0.0,0,华控赛格
兴业证券股份有限公司福州五一北路证券营业部,1,652.75,1,0.0,0,盛达矿业
东吴证券股份有限公司吴江盛泽镇西环路证券营业部,4,504.99,2,1219.59,2,"钧达股份,旋极信息,华控赛格"
光大证券股份有限公司苏州苏惠路证券营业部,1,0.0,0,398.95,1,盛达矿业
国海证券股份有限公司南宁新民路证券营业部,1,0.0,0,478.26,1,华控赛格
申万宏源西部证券有限公司北京金融大街证券营业部,1,0.0,0,397.8,1,盛达矿业
海通证券股份有限公司上海牡丹江路证券营业部,2,49.54,1,469.76,1,"隆利科技,华控赛格"
招商证券股份有限公司北京建国路证券营业部,2,0.0,0,563.57,2,"通化金马,盛达矿业"
中信证券股份有限公司杭州文三路证券营业部,2,426.06,1,954.48,1,"湖南发展,华西股份"
华泰证券股份有限公司宁波柳汀街证券营业部,3,1054.97,2,335.67,1,湖南发展
国泰君安证券股份有限公司上海九江路证券营业部,2,0.0,0,1106.6,2,湖南发展
招商证券股份有限公司北京颐和园路证券营业部,1,0.0,0,345.84,1,湖南发展
海通证券股份有限公司上虞市民大道证券营业部,1,0.0,0,294.43,1,湖南发展
安信证券股份有限公司广州花都凤凰北路证券营业部,1,232.15,1,0.0,0,天音控股
广发证券股份有限公司深圳深南东路证券营业部,1,1548.53,1,0.0,0,通化金马
海通证券股份有限公司天津霞光道证券营业部,5,2561.49,3,1126.5,2,"华西股份,天威视讯,奥马电器,"
中国银河证券股份有限公司大连黄河路证券营业部,1,635.91,1,0.0,0,通化金马
兴业证券股份有限公司上海天钥桥路证券营业部,2,1510.34,2,0.0,0,"华西股份,钧达股份"
中信证券股份有限公司宁波天童北路证券营业部,1,114.89,1,0.0,0,天音控股
东北证券股份有限公司江阴滨江东路证券营业部,1,0.0,0,602.48,1,天音控股
华泰证券股份有限公司长春自由大路证券营业部,1,0.0,0,288.77,1,通化金马
国联证券股份有限公司苏州解放西路证券营业部,1,0.0,0,231.82,1,天音控股
招商证券股份有限公司合肥北一环证券营业部,1,0.0,0,1302.58,1,华西股份
开源证券股份有限公司西安纺北路证券营业部,1,0.0,0,250.27,1,通化金马
平安证券股份有限公司四川分公司,3,0.0,0,1154.35,3,"天音控股,君禾股份,天威视讯"
新时代证券股份有限公司上海武定路证券营业部,1,0.0,0,243.6,1,通化金马
招商证券股份有限公司铜陵石城大道证券营业部,1,0.0,0,198.37,1,天音控股
申万宏源证券有限公司上海松江区人民北路证券营业部,3,151.65,1,5613.96,2,"中弘退,多喜爱"
东兴证券股份有限公司上海肇嘉浜路证券营业部,1,0.0,0,666.2,1,霞客环保
德邦证券股份有限公司无锡政和大道证券营业部,1,0.0,0,412.72,1,霞客环保
广发证券股份有限公司广州江湾证券营业部,1,0.0,0,340.11,1,霞客环保
金元证券股份有限公司成都鹭岛路证券营业部,1,0.0,0,272.29,1,霞客环保
国信证券股份有限公司深圳振华路证券营业部,2,1358.39,2,0.0,0,"康德莱,隆利科技"
新时代证券股份有限公司深圳科苑路证券营业部,3,2635.21,3,0.0,0,"柯利达,金太阳,美丽生态"
长城证券股份有限公司南京童卫路证券营业部,3,362.46,1,663.01,2,"康德莱,君禾股份,广西广电"
中银国际证券股份有限公司新乡和平大道证券营业部,1,1026.27,1,0.0,0,柯利达
国信证券股份有限公司大连和平广场证券营业部,2,834.4,1,708.15,1,天风证券
华鑫证券有限责任公司西安高新路证券营业部,2,727.49,1,735.36,1,天威视讯
华西证券股份有限公司福州分公司,2,677.94,1,682.84,1,园城黄金
中航证券有限公司郑州嵩山南路证券营业部,1,909.35,1,0.0,0,柯利达
东方证券股份有限公司温州信河街证券营业部,1,241.08,1,0.0,0,康德莱
中泰证券股份有限公司深圳红荔路银荔大厦证券营业部,1,681.43,1,0.0,0,柯利达
广发证券股份有限公司济南经七路证券营业部,4,2582.32,2,2479.34,2,新华传媒
第一创业证券股份有限公司深圳笋岗东路证券营业部,1,205.84,1,0.0,0,康德莱
九州证券股份有限公司河南分公司,1,525.84,1,0.0,0,柯利达
广发证券股份有限公司广州中山三路中华广场证券营业部,1,622.04,1,0.0,0,天风证券
上海证券有限责任公司温州永中西路证券营业部,1,326.69,1,0.0,0,园城黄金
方正证券股份有限公司杭州中河中路证券营业部,1,0.0,0,716.49,1,柯利达
兴业证券股份有限公司广东分公司,1,0.0,0,268.35,1,康德莱
浙商证券股份有限公司苏州旺墩路证券营业部,1,0.0,0,724.57,1,新华传媒
中原证券股份有限公司登封少林大道证券营业部,1,0.0,0,426.61,1,柯利达
兴业证券股份有限公司浙江分公司,1,0.0,0,388.2,1,园城黄金
华鑫证券有限责任公司海口海德路证券营业部,2,725.82,1,747.26,1,天威视讯
长江证券股份有限公司武汉胜利街证券营业部,1,0.0,0,1303.94,1,天风证券
国泰君安证券股份有限公司杭州庆春路证券营业部,1,0.0,0,309.68,1,柯利达
中国银河证券股份有限公司金华证券营业部,1,0.0,0,152.42,1,康德莱
中国中投证券有限责任公司重庆民权路证券营业部,1,0.0,0,1017.49,1,天风证券
东兴证券股份有限公司泉州丰泽街证券营业部,2,195.64,1,563.15,1,"聚灿光电,新华传媒"
招商证券股份有限公司上海世纪大道证券营业部,3,661.48,2,7.43,1,"海得控制,大烨智能,海容冷链"
华鑫证券有限责任公司济南泉城路证券营业部,1,300.3,1,0.0,0,天威视讯
天风证券股份有限公司武汉八一路证券营业部,2,324.76,1,329.21,1,海得控制
华鑫证券有限责任公司烟台迎春大街证券营业部,1,267.27,1,0.0,0,天威视讯
西南证券股份有限公司江西分公司,4,13602.18,2,17148.9,2,金花股份
光大证券股份有限公司深圳海秀路证券营业部,3,7953.94,2,9950.8,1,金花股份
安信证券股份有限公司广州猎德大道证券营业部,1,1556.24,1,0.0,0,金花股份
中泰证券股份有限公司永州清桥路证券营业部,3,1521.67,1,15280.12,2,金花股份
申万宏源证券有限公司东莞鸿福路证券营业部,2,1288.94,1,1654.72,1,金花股份
中泰证券股份有限公司深圳泰然九路证券营业部,3,4051.94,1,17364.63,2,"吉翔股份,金花股份"
华宝证券有限责任公司成都天府大道证券营业部,2,837.09,1,753.0,1,贝通信
安信证券股份有限公司佛山顺德政通路证券营业部,1,743.39,1,0.0,0,亚振家居
西南证券股份有限公司广西分公司,1,0.0,0,7041.97,1,金花股份
国金证券股份有限公司成都蒲江县桫椤路证券营业部,1,582.34,1,0.0,0,亚振家居
兴业证券股份有限公司深圳科苑路证券营业部,1,0.0,0,7037.14,1,金花股份
招商证券股份有限公司福州六一中路证券营业部,1,0.0,0,450.14,1,亚振家居
湘财证券股份有限公司北京顺义站前街证券营业部,1,0.0,0,136.14,1,天威视讯
华泰证券股份有限公司上海分公司,1,0.0,0,233.59,1,天威视讯
中信证券股份有限公司深圳深南大道证券营业部,1,0.0,0,586.16,1,海得控制
长江证券股份有限公司东莞鸿福路证券营业部,2,0.0,0,1632.16,2,海得控制
东方证券股份有限公司,1,3154.3,1,0.0,0,大名城
平安证券股份有限公司,1,821.3,1,0.0,0,大名城
方正证券股份有限公司上海延安西路证券营业部,1,137.53,1,0.0,0,海容冷链
安信证券股份有限公司,1,113.06,1,0.0,0,大名城
华鑫证券有限责任公司上海茅台路证券营业部,3,11587.24,2,6401.78,1,"多喜爱,海容冷链,吉翔股份"
华泰证券股份有限公司,1,110.95,1,0.0,0,大名城
申万宏源西部证券有限公司济南历山路证券营业部,1,1316.44,1,0.0,0,广电网络
华鑫证券有限责任公司西安分公司,1,52.48,1,0.0,0,海容冷链
兴业证券股份有限公司,1,82.96,1,0.0,0,大名城
国融证券股份有限公司厦门松岳路证券营业部,1,1260.16,1,0.0,0,广电网络
中国银河证券股份有限公司上海杨浦区靖宇东路证券营业部,1,0.0,0,190.0,1,天威视讯
招商证券股份有限公司武汉中北路证券营业部,1,0.0,0,6.97,1,海容冷链
爱建证券有限责任公司武汉建设大道证券营业部,1,424.31,1,0.0,0,汉商集团
华泰证券股份有限公司广州番禺万达广场证券营业部,1,0.0,0,6.97,1,海容冷链
华泰证券股份有限公司总部,2,171.66,1,188.77,1,汉商集团
金元证券股份有限公司广州白云路证券营业部,3,1851.5,2,495.83,1,"双林股份,海得控制"
国联证券股份有限公司上海邯郸路证券营业部,2,77.27,1,1160.51,1,"滨海能源,广电网络"
华龙证券股份有限公司平凉西大街证券营业部,1,0.0,0,47.76,1,天威视讯
新时代证券股份有限公司长沙五一大道证券营业部,1,0.0,0,1129.18,1,广电网络
中银国际证券股份有限公司武汉黄孝河路证券营业部,1,89.98,1,0.0,0,汉商集团
中国中投证券有限责任公司西宁胜利路证券营业部,1,0.0,0,158.12,1,汉商集团
中国银河证券股份有限公司武汉汉阳证券营业部,2,0.0,0,646.73,2,汉商集团
东方证券股份有限公司汕头长平路证券营业部,1,0.0,0,55.04,1,汉商集团
华泰证券股份有限公司广州云城西路证券营业部,1,0.0,0,46.09,1,汉商集团
兴业证券股份有限公司泉州分公司,2,1200.26,1,1239.73,1,超华科技
申万宏源证券有限公司温州车站大道证券营业部,3,15968.7,3,0.0,0,"延安必康,*ST尤夫,中弘退"
联储证券有限责任公司杭州富春路证券营业部,1,9500.43,1,0.0,0,延安必康
华金证券股份有限公司北京分公司,2,9394.02,2,0.0,0,延安必康
华融证券股份有限公司广州华夏路证券营业部,1,0.0,0,29002.5,1,延安必康
天风证券股份有限公司深圳平安金融中心证券营业部,3,700.21,1,16317.24,2,"吉翔股份,延安必康"
联储证券有限责任公司江苏分公司,1,0.0,0,9074.52,1,延安必康
申万宏源证券有限公司宁夏分公司,4,4733.43,2,8521.48,2,"凯美特气,联创互联"
广发证券股份有限公司杭州市天目山路证券营业部,2,1406.62,1,1341.43,1,凯美特气
国金证券股份有限公司成都双元街证券营业部,2,0.0,0,1449.68,2,凯美特气
信达证券股份有限公司杭州丽水路证券营业部,1,0.0,0,1875.88,1,康得新
中国中投证券有限责任公司北京宋庄路证券营业部,1,0.0,0,665.08,1,凯美特气
财通证券股份有限公司杭州体育场路证券营业部,2,151.69,1,1.27,1,"英维克,宇晶股份"
中泰证券股份有限公司青岛江西路证券营业部,1,626.96,1,0.0,0,群兴玩具
国信证券股份有限公司深圳福中分公司,1,117.98,1,0.0,0,英维克
中信建投证券股份有限公司北京常惠路证券营业部,1,0.0,0,289.14,1,英维克
招商证券股份有限公司郑州商务外环路证券营业部,1,0.0,0,135.94,1,英维克
平安证券股份有限公司深圳蛇口招商路招商大厦证券营业部,1,0.0,0,117.19,1,英维克
中国银河证券股份有限公司上海长宁区镇宁路证券营业部,1,0.0,0,377.11,1,美芝股份
华龙证券股份有限公司新昌十九峰路证券营业部,1,442.87,1,0.0,0,惠威科技
平安证券股份有限公司无锡人民中路证券营业部,3,950.66,2,519.2,1,"美芝股份,惠威科技"
东吴证券股份有限公司常熟商城中路证券营业部,1,390.09,1,0.0,0,钧达股份
江海证券有限公司厦门吕岭路证券营业部,3,820.62,2,417.35,1,"惠威科技,钧达股份"
中国银河证券股份有限公司湖州证券营业部,1,0.0,0,179.91,1,惠威科技
中国中投证券有限责任公司成都一环路北三段万达广场证券营业部,1,279.23,1,0.0,0,天奥电子
广发证券股份有限公司合肥长江中路证券营业部,1,264.73,1,0.0,0,天奥电子
金元证券股份有限公司南通青年中路证券营业部,1,260.44,1,0.0,0,天奥电子
华泰证券股份有限公司上海黄浦区来福士广场证券营业部,2,256.23,1,9.51,1,"天奥电子,旋极信息"
华泰证券股份有限公司常州东横街证券营业部,3,1298.26,2,681.5,1,"迈为股份,贝通信,天奥电子"
东兴证券股份有限公司福州五一北路证券营业部,1,0.0,0,470.86,1,天奥电子
信达证券股份有限公司阜新阜蒙证券营业部,1,51.73,1,0.0,0,宇晶股份
新时代证券股份有限公司北京北三环西路证券营业部,1,807.24,1,0.0,0,先锋新材
华泰证券股份有限公司深圳竹子林四路证券营业部,1,1.16,1,0.0,0,宇晶股份
安信证券股份有限公司温州府东路证券营业部,1,0.21,1,0.0,0,宇晶股份
安信证券股份有限公司韶关乐昌人民南路证券营业部,1,0.0,0,1.27,1,宇晶股份
信达证券股份有限公司北京前门证券营业部,3,777.62,1,2839.45,2,新开源
安信证券股份有限公司株洲庐山路证券营业部,1,0.0,0,1.27,1,宇晶股份
安信证券股份有限公司重庆洪湖东路证券营业部,2,0.0,0,2258.72,2,新开源
中国民族证券有限责任公司通化新华大街证券营业部,1,0.0,0,284.87,1,先锋新材
上海证券有限责任公司虹梅路证券营业部,1,0.0,0,892.84,1,新开源
川财证券有限责任公司射洪沱牌大道证券营业部,1,0.0,0,1.27,1,宇晶股份
中国中投证券有限责任公司广州天河路证券营业部,1,0.0,0,606.62,1,新开源
中国银河证券股份有限公司江阴虹桥北路证券营业部,1,0.0,0,262.2,1,先锋新材
东北证券股份有限公司长春建设街证券营业部,1,0.0,0,1.27,1,宇晶股份
中国银河证券股份有限公司北京亮马桥路证券营业部,1,0.0,0,473.39,1,新开源
大同证券有限责任公司杭州五星路证券营业部,1,0.0,0,237.43,1,先锋新材
国盛证券有限责任公司合肥翠微路证券营业部,4,4295.12,2,4431.34,2,新开源
国泰君安证券股份有限公司北京知春路证券营业部,1,5591.61,1,0.0,0,先锋新材
国盛证券有限责任公司黄山洽阳路证券营业部,4,2327.76,2,2448.92,2,新开源
中国银河证券股份有限公司广州滨江东路证券营业部,1,851.58,1,0.0,0,先锋新材
万联证券股份有限公司永州清桥路证券营业部,2,179.55,1,744.11,1,"亿通科技,恒立实业"
东莞证券股份有限公司北京兴华大街证券营业部,1,20.75,1,0.0,0,旋极信息
海通证券股份有限公司上海崇明县北门路证券营业部,1,171.41,1,0.0,0,亿通科技
湘财证券股份有限公司北京朝外大街证券营业部,1,0.0,0,441.94,1,亿通科技
华泰证券股份有限公司上海浦东新区福山路证券营业部,1,0.0,0,8.45,1,旋极信息
中泰证券股份有限公司北京大望路证券营业部,1,0.0,0,2.05,1,旋极信息
东莞证券股份有限公司重庆市渝中区中山一路证券营业部,1,0.0,0,249.87,1,亿通科技
申万宏源证券有限公司上海浦东新区陆家嘴环路证券营业部,1,0.0,0,237.94,1,亿通科技
光大证券股份有限公司东莞运河东一路证券营业部,2,29.63,1,1.5,1,"旋极信息,隆利科技"
华泰证券股份有限公司贵阳中华北路证券营业部,3,1075.83,2,559.86,1,"聚灿光电,科恒股份"
光大证券股份有限公司广州珠江新城证券营业部,1,29.04,1,0.0,0,旋极信息
华泰证券股份有限公司德阳中江县凯丰北路证券营业部,3,994.26,2,513.68,1,"聚灿光电,科恒股份"
东方证券股份有限公司长沙劳动西路证券营业部,1,0.0,0,1053.35,1,科恒股份
长城证券股份有限公司天台劳动路证券营业部,1,0.0,0,9594.27,1,联创互联
广发证券股份有限公司上海新松江路证券营业部,1,0.0,0,332.42,1,科恒股份
华泰证券股份有限公司深圳深南大道证券营业部,1,0.0,0,297.39,1,科恒股份
国金证券股份有限公司杭州求是路证券营业部,1,0.0,0,239.34,1,科恒股份
中泰证券股份有限公司上海建国中路证券营业部,6,4980.74,4,5009.51,2,"凯美特气,海得控制,天威视讯,"
东方证券股份有限公司厦门仙岳路证券营业部,1,0.0,0,229.67,1,科恒股份
华鑫证券有限责任公司珠海海滨南路证券营业部,1,0.0,0,3798.78,1,联创互联
国都证券股份有限公司济源文昌中路证券营业部,1,179.89,1,0.0,0,科信技术
光大证券股份有限公司广州中山二路证券营业部,1,0.0,0,531.25,1,科信技术
广发证券股份有限公司台州白云山西路证券营业部,6,9485.66,3,5893.59,3,"闻泰科技,吉大通信,金冠股份"
大同证券有限责任公司台州西街证券营业部,3,0.0,0,2921.84,3,吉大通信
中信建投证券股份有限公司台州市府大道证券营业部,3,4184.61,2,2291.7,1,"吉大通信,金冠股份"
中国银河证券股份有限公司深圳深业上城证券营业部,1,504.61,1,0.0,0,金太阳
华林证券股份有限公司芜湖皖江财富广场证券营业部,1,0.0,0,875.35,1,金太阳
西南证券股份有限公司湖北分公司,1,0.0,0,810.39,1,金太阳
安信证券股份有限公司肇庆封开红卫路证券营业部,1,630.58,1,0.0,0,金太阳
方正证券股份有限公司兰州金昌南路证券营业部,3,653.87,1,1657.07,2,宇信科技
国信证券股份有限公司中山分公司,1,0.0,0,629.58,1,宇信科技
东海证券股份有限公司洛阳周山路证券营业部,2,891.46,1,849.3,1,宇信科技
东莞证券股份有限公司东莞长安分公司,2,389.68,1,442.98,1,聚灿光电
中国银河证券股份有限公司武汉澳门路证券营业部,1,389.6,1,0.0,0,科顺股份
东莞证券股份有限公司佛山顺德均安恒安路证券营业部,1,0.0,0,310.43,1,聚灿光电
海通证券股份有限公司上海长宁区天山西路证券营业部,1,0.0,0,346.53,1,科顺股份
新时代证券股份有限公司汕头金砂东路证券营业部,1,0.0,0,161.74,1,聚灿光电
联讯证券股份有限公司北京北辰东路证券营业部,1,0.0,0,309.51,1,科顺股份
上海华信证券有限责任公司南京西路证券营业部,1,0.0,0,159.54,1,聚灿光电
平安证券股份有限公司上海零陵路证券营业部,1,0.0,0,250.49,1,科顺股份
华泰证券股份有限公司南通环城西路证券营业部,1,0.0,0,124.26,1,聚灿光电
东吴证券股份有限公司苏州宝带东路证券营业部,1,0.0,0,248.05,1,金力永磁
东莞证券股份有限公司惠州分公司,1,0.0,0,198.11,1,科顺股份
华泰证券股份有限公司泰州分公司,1,0.0,0,161.73,1,科顺股份
东方证券股份有限公司桂林中山中路证券营业部,1,997.96,1,0.0,0,科顺股份
华泰证券股份有限公司南京草场门大街证券营业部,2,298.81,1,321.67,1,金力永磁
华福证券有限责任公司义乌宾王路证券营业部,1,511.55,1,0.0,0,科顺股份
平安证券股份有限公司山东分公司,1,283.35,1,0.0,0,金力永磁
申万宏源证券有限公司石狮石龙路证券营业部,1,974.91,1,0.0,0,金花股份
浙商证券股份有限公司诸暨艮塔路证券营业部,1,439.99,1,0.0,0,邦宝益智
国泰君安证券股份有限公司总部,1,371.27,1,0.0,0,维科技术
方正证券股份有限公司上海西藏南路证券营业部,1,458.0,1,0.0,0,日出东方
万联证券股份有限公司深圳福华一路证券营业部,1,312.07,1,0.0,0,邦宝益智
华福证券有限责任公司尤溪建设东街证券营业部,1,521.93,1,0.0,0,金花股份
新时代证券股份有限公司深圳深南大道金运世纪证券营业部,3,3348.68,2,14599.3,1,"金花股份,吉翔股份"
南京证券股份有限公司深圳深南中路证券营业部,1,395.05,1,0.0,0,金花股份
招商证券股份有限公司苏州华池街证券营业部,2,319.13,1,276.11,1,吉翔股份
华鑫证券有限责任公司西安南二环证券营业部,1,0.0,0,169.83,1,邦宝益智
财富证券有限责任公司深圳宝安南路证券营业部,1,0.0,0,1277.09,1,维科技术
国联证券股份有限公司无锡梅村镇锡义路证券营业部,1,0.0,0,311.58,1,日出东方
华林证券股份有限公司深圳龟山路证券营业部,2,21733.0,1,5580.59,1,"多喜爱,吉翔股份"
中信证券股份有限公司杭州定安路证券营业部,1,0.0,0,988.76,1,维科技术
国盛证券有限责任公司吉安阳明东路证券营业部,1,0.0,0,167.7,1,邦宝益智
华宝证券有限责任公司上海西藏中路证券营业部,1,0.0,0,457.98,1,金花股份
光大证券股份有限公司宁波孝闻街证券营业部,1,0.0,0,895.15,1,维科技术
中信证券股份有限公司汕头海滨路证券营业部,1,0.0,0,166.16,1,邦宝益智
东兴证券股份有限公司长沙韶山北路证券营业部,1,0.0,0,99.43,1,日出东方
银泰证券有限责任公司厦门湖滨南路证券营业部,1,0.0,0,381.28,1,金花股份
华西证券股份有限公司广州珠江东路证券营业部,1,0.0,0,127.9,1,邦宝益智
中信建投证券股份有限公司上海市五莲路证券营业部,1,0.0,0,72.87,1,日出东方
华福证券有限责任公司厦门仙岳路证券营业部,1,0.0,0,380.47,1,金花股份
中银国际证券股份有限公司重庆江北证券营业部,1,0.0,0,277.6,1,维科技术
五矿证券有限公司东莞隆溪路证券营业部,1,0.0,0,94.44,1,邦宝益智
万和证券股份有限公司广东分公司,1,0.0,0,332.49,1,金花股份
中国银河证券股份有限公司温州大南路证券营业部,2,192.03,1,3508.1,1,"广西广电,大众公用"
财富证券有限责任公司长沙曙光中路证券营业部,1,295.39,1,0.0,0,中电电机
东吴证券股份有限公司杭州文晖路证券营业部,1,173.24,1,0.0,0,中电电机
光大证券股份有限公司海口国贸大道证券营业部,1,156.93,1,0.0,0,广西广电
中信建投证券股份有限公司长沙星沙证券营业部,1,167.82,1,0.0,0,中电电机
华西证券股份有限公司成都南一环路证券营业部,2,3256.01,1,4135.35,1,君禾股份
广发证券股份有限公司秦皇岛和平大街证券营业部,1,0.0,0,299.64,1,中电电机
东吴证券股份有限公司太仓人民南路证券营业部,1,820.63,1,0.0,0,天风证券
华泰证券股份有限公司成都天府新区正东中街证券营业部,1,891.97,1,0.0,0,君禾股份
安信证券股份有限公司佛山顺德容奇大道证券营业部,1,0.0,0,185.32,1,中电电机
长江证券股份有限公司昆明白龙路证券营业部,1,464.75,1,0.0,0,君禾股份
东北证券股份有限公司四川分公司,1,424.89,1,0.0,0,君禾股份
上海证券有限责任公司乐清虹桥飞虹南路证券营业部,1,0.0,0,137.9,1,中电电机
海通证券股份有限公司七台河大同街证券营业部,1,0.0,0,1127.55,1,天风证券
西藏东方财富证券股份有限公司成都东大街证券营业部,3,326.13,1,947.76,2,君禾股份
申万宏源证券有限公司桐乡和平路证券营业部,1,0.0,0,104.55,1,中电电机
中泰证券股份有限公司聊城柳园南路证券营业部,2,524.87,1,1079.12,1,"迈为股份,天风证券"
长城证券股份有限公司杭州世纪大道证券营业部,2,876.22,2,0.0,0,"赛象科技,美丽生态"
申万宏源证券有限公司芜湖文化路证券营业部,1,146.63,1,0.0,0,美丽生态
海通证券股份有限公司深圳金田路证券营业部,1,483.88,1,0.0,0,长虹美菱
申万宏源西部证券有限公司大连金马路证券营业部,1,386.01,1,0.0,0,长虹美菱
太平洋证券股份有限公司济南颖秀路证券营业部,1,616.01,1,0.0,0,盛达矿业
浙商证券股份有限公司瑞安塘河北路证券营业部,1,220.38,1,0.0,0,长虹美菱
财通证券股份有限公司青田前路街证券营业部,1,75.19,1,0.0,0,美丽生态
财富证券有限责任公司北京市朝阳东三环中路证券营业部,1,0.0,0,263.72,1,美丽生态
安信证券股份有限公司阳江安宁路证券营业部,2,0.0,0,2195.21,2,盛达矿业
财富证券有限责任公司益阳康富南路证券营业部,1,0.0,0,229.13,1,美丽生态
天风证券股份有限公司大连天河路证券营业部,1,0.0,0,206.61,1,美丽生态
中信证券股份有限公司福州连江北路证券营业部,1,0.0,0,156.42,1,美丽生态
招商证券股份有限公司广州天河北路证券营业部,1,87.13,1,0.0,0,滨海能源
申万宏源证券有限公司北京劲松九区证券营业部,1,46.33,1,0.0,0,滨海能源
华泰证券股份有限公司天津分公司,1,0.0,0,133.89,1,滨海能源
国信证券股份有限公司深圳泰九分公司,3,491.04,2,51.1,1,"三木集团,宋都股份,滨海能源"
安信证券股份有限公司上海杨浦区殷行路证券营业部,2,2153.36,2,0.0,0,"湖南发展,光一科技"
广发证券股份有限公司南宁凤翔路证券营业部,1,228.05,1,0.0,0,中弘退
新时代证券股份有限公司宜昌东山大道证券营业部,4,2059.0,2,2064.22,2,"安控科技,电广传媒,亚振家居"
华安证券股份有限公司安庆龙山路证券营业部,1,131.81,1,0.0,0,中弘退
华泰证券股份有限公司浙江分公司,1,379.0,1,0.0,0,湖南发展
海通证券股份有限公司上海普陀区宜川路证券营业部,1,686.49,1,0.0,0,电广传媒
华泰证券股份有限公司常州和平北路证券营业部,2,125.62,1,406.09,1,"中弘退,沧州明珠"
国开证券股份有限公司深圳龙华证券营业部,1,0.0,0,401.74,1,湖南发展
华福证券有限责任公司连江丹凤东路证券营业部,1,0.0,0,162.32,1,中弘退
平安证券股份有限公司深圳金田路证券营业部,1,0.0,0,152.33,1,湖南发展
中航证券有限公司泉州田安路证券营业部,1,0.0,0,893.25,1,电广传媒
国信证券股份有限公司厦门湖滨北路营业部,1,460.17,1,0.0,0,沧州明珠
国海证券股份有限公司重庆建新西路证券营业部,2,309.85,1,342.4,1,海得控制
国元证券股份有限公司深圳深南大道中国凤凰大厦营业部,1,0.0,0,745.64,1,沧州明珠
广发证券股份有限公司沧州黄河东路证券营业部,1,0.0,0,472.85,1,沧州明珠
华福证券有限责任公司福清清昌大道证券营业部,1,0.0,0,361.34,1,沧州明珠
兴业证券股份有限公司温州分公司,2,1921.22,2,0.0,0,"天威视讯,宇信科技"
中信证券股份有限公司武汉关山大道证券营业部,2,634.5,1,798.94,1,"天威视讯,东方通信"
海通证券股份有限公司汕头中山中路证券营业部,1,0.0,0,578.33,1,天威视讯
华龙证券股份有限公司合肥亳州路证券营业部,1,0.0,0,409.59,1,赛象科技
华金证券股份有限公司上海中心大厦证券营业部,1,3770.91,1,0.0,0,延安必康
安信证券股份有限公司上海樱花路证券营业部,1,3637.61,1,0.0,0,延安必康
财通证券股份有限公司丽水北苑路证券营业部,1,3397.62,1,0.0,0,延安必康
安信证券股份有限公司上海黄浦区跨龙路证券营业部,1,0.0,0,2664.02,1,延安必康
万和证券股份有限公司上海分公司,1,0.0,0,2025.03,1,延安必康
中信证券（山东）有限责任公司莱州文化东路证券营业部,1,0.0,0,1765.24,1,延安必康
东方证券股份有限公司上海松江区新松江路证券营业部,1,718.52,1,0.0,0,*ST尤夫
华融证券股份有限公司北京金融大街证券营业部,2,686.24,1,1473.46,1,*ST尤夫
南京证券股份有限公司银川正源南街证券营业部,1,2021.35,1,0.0,0,凯美特气
华泰证券股份有限公司南宁中泰路证券营业部,1,606.32,1,0.0,0,群兴玩具
中国银河证券股份有限公司深圳景田证券营业部,1,445.67,1,0.0,0,群兴玩具
海通证券股份有限公司太原新建路证券营业部,1,656.06,1,0.0,0,*ST尤夫
兴业证券股份有限公司上海四平路证券营业部,1,0.0,0,1960.96,1,*ST尤夫
招商证券股份有限公司深圳建安路证券营业部,3,776.2,2,695.5,1,"东方新星,*ST尤夫"
中山证券有限责任公司中山分公司,1,951.02,1,0.0,0,奥马电器
广发证券股份有限公司惠州下埔路证券营业部,1,614.62,1,0.0,0,奥马电器
兴业证券股份有限公司泉州丰泽街证券营业部,1,0.0,0,1243.75,1,奥马电器
中航证券有限公司昆明金碧路证券营业部,1,0.0,0,715.43,1,奥马电器
中国银河证券股份有限公司沈阳建设东路证券营业部,1,0.0,0,607.15,1,奥马电器
中信建投证券股份有限公司哈尔滨中医街证券营业部,1,0.0,0,522.42,1,奥马电器
中国中投证券有限责任公司威海公园路证券营业部,1,218.31,1,0.0,0,东方新星
国金证券股份有限公司成都华润路证券营业部,1,187.0,1,0.0,0,东方新星
东莞证券股份有限公司东莞石龙分公司,1,171.34,1,0.0,0,东方新星
中信建投证券股份有限公司上海浦东新区福山路证券营业部,1,0.0,0,297.9,1,东方新星
中泰证券股份有限公司常州惠国路证券营业部,1,0.0,0,1028.14,1,光洋股份
中原证券股份有限公司漯河分公司,1,0.0,0,273.12,1,东方新星
光大证券股份有限责任公司上海浦东新区金科路证券营业部,1,0.0,0,235.91,1,东方新星
国泰君安证券股份有限公司天台环城东路证券营业部,1,0.0,0,284.23,1,钧达股份
华泰证券股份有限公司上海浦东新区妙境路证券营业部,1,58.06,1,0.0,0,新疆交建
光大证券股份有限公司上海奉贤区人民南路证券营业部,1,30.91,1,0.0,0,新疆交建
华西证券股份有限公司眉山湖滨路证券营业部,1,314.72,1,0.0,0,新开源
华泰证券股份有限公司南京东苑路证券营业部,1,0.0,0,1.25,1,新疆交建
华泰证券股份有限公司襄阳长虹北路证券营业部,1,0.0,0,495.84,1,双林股份
上海证券有限责任公司商城路证券营业部,1,0.0,0,1.25,1,新疆交建
中信证券股份有限公司北京北三环中路证券营业部,1,0.0,0,369.27,1,双林股份
广发证券股份有限公司肇庆新元北路证券营业部,1,0.0,0,0.89,1,新疆交建
中国银河证券股份有限公司广州东风西路证券营业部,1,0.0,0,0.81,1,新疆交建
中信证券股份有限公司北京复外大街证券营业部,1,0.0,0,0.81,1,新疆交建
东莞证券股份有限公司东莞清溪证券营业部,1,339.5,1,0.0,0,新开源
申万宏源证券有限公司泸州广凤路证券营业部,1,420.29,1,0.0,0,东富龙
五矿证券有限公司无锡隐秀路证券营业部,1,414.34,1,0.0,0,东富龙
广发证券股份有限公司广州黄埔大道证券营业部,1,542.16,1,0.0,0,东富龙
华安证券股份有限公司天长园林路证券营业部,1,502.01,1,0.0,0,东富龙
信达证券股份有限公司丹东锦山大街证券营业部,1,23.53,1,0.0,0,旋极信息
兴业证券股份有限公司上海民生路证券营业部,1,23.07,1,0.0,0,旋极信息
华福证券有限责任公司龙岩中山路证券营业部,1,20.07,1,0.0,0,旋极信息
兴业证券股份有限公司武汉民族大道证券营业部,1,527.11,1,0.0,0,联创互联
大同证券有限责任公司上海长寿路证券营业部,1,0.0,0,6169.49,1,联创互联
申万宏源证券有限公司海南分公司,2,0.0,0,2842.44,2,光一科技
国信证券股份有限公司深圳红岭中路证券营业部,1,0.0,0,23.84,1,旋极信息
中信建投证券股份有限公司潮州潮枫路证券营业部,1,0.0,0,0.77,1,旋极信息
中国银河证券股份有限公司杭州绍兴路证券营业部,1,672.86,1,0.0,0,联创互联
开源证券股份有限公司新疆分公司,1,0.0,0,2113.16,1,安控科技
申万宏源西部证券有限公司乌鲁木齐公园北街证券营业部,2,0.0,0,11285.57,2,安控科技
上海证券有限责任公司南京胜太路证券营业部,1,0.0,0,495.36,1,安控科技
中国中投证券有限责任公司汉中滨江路证券营业部,1,0.0,0,396.01,1,安控科技
安信证券股份有限公司石家庄裕华东路证券营业部,1,312.86,1,0.0,0,立昂技术
国泰君安证券股份有限公司乌鲁木齐新华北路证券营业部,1,205.86,1,0.0,0,立昂技术
海通证券股份有限公司义乌宾王路证券营业部,1,163.64,1,0.0,0,立昂技术
中信建投证券股份有限公司北京东直门南大街证券营业部,1,138.26,1,0.0,0,立昂技术
新时代证券股份有限公司杭州江虹路证券营业部,1,0.0,0,286.79,1,立昂技术
申万宏源西部证券有限公司厦门莲前东路证券营业部,1,0.0,0,944.68,1,金太阳
华泰证券股份有限公司扬州文昌西路证券营业部,1,0.0,0,118.09,1,立昂技术
安信证券股份有限公司肇庆信安五路证券营业部,1,0.0,0,625.62,1,金太阳
中信建投证券股份有限公司金华宾虹路证券营业部,1,0.0,0,97.87,1,立昂技术
安信证券股份有限公司东莞南城证券营业部,1,0.0,0,551.13,1,金太阳
大同证券有限责任公司邯郸人民东路证券营业部,1,263.56,1,0.0,0,大烨智能
中信建投证券股份有限公司武汉中北路证券营业部,1,1027.52,1,0.0,0,金太阳
华西证券股份有限公司台州广场南路证券营业部,1,0.0,0,225.9,1,大烨智能
华泰证券股份有限公司广州天河东路证券营业部,1,0.0,0,443.7,1,宇信科技
长江证券股份有限公司京山轻机大道证券营业部,1,0.0,0,1.5,1,隆利科技
东兴证券股份有限公司永安牺和路证券营业部,1,0.0,0,1.5,1,隆利科技
东莞证券股份有限公司东莞元美东路证券营业部,1,0.0,0,1.5,1,隆利科技
招商证券股份有限公司深圳笋岗路证券营业部,1,262.96,1,0.0,0,聚灿光电
国信证券股份有限公司东莞虎门金龙南路证券营业部,1,1.38,1,0.0,0,隆利科技
财达证券股份有限公司廊坊三河泃阳西大街证券营业部,1,0.0,0,1.5,1,隆利科技
中国中投证券有限责任公司东莞虎门证券营业部,1,433.79,1,0.0,0,三木集团
西藏东方财富证券股份有限公司南京珠江路证券营业部,2,658.83,1,684.61,1,"恒立实业,光洋股份"
江海证券有限公司大庆龙凤大街证券营业部,1,225.0,1,0.0,0,中弘退
兴业证券股份有限公司四川分公司,2,183.49,1,451.88,1,三木集团
中国银河证券股份有限公司北京珠市口大街证券营业部,1,174.16,1,0.0,0,三木集团
长城证券股份有限公司广州天河路证券营业部,1,0.0,0,479.89,1,三木集团
华安证券股份有限公司淮北古城路证券营业部,1,0.0,0,665.85,1,恒立实业
中国银河证券股份有限公司上海黄浦区马当路证券营业部,1,498.58,1,0.0,0,海得控制
兴业证券股份有限公司厦门穆厝路证券营业部,1,385.54,1,0.0,0,海得控制
华泰证券股份有限公司徐州建国西路证券营业部,1,766.75,1,0.0,0,光洋股份
申万宏源证券有限公司上海浦东新区利津路证券营业部,1,220.96,1,0.0,0,麦趣尔
东吴证券股份有限公司昆山前进中路证券营业部,2,986.56,2,0.0,0,东方新星
西藏东方财富证券股份有限公司拉萨八一路证券营业部,1,90.32,1,0.0,0,麦趣尔
中泰证券股份有限公司上海斜土路证券营业部,2,839.2,2,0.0,0,东方新星
信达证券股份有限公司成都一环路证券营业部,1,55.38,1,0.0,0,麦趣尔
广发证券股份有限公司北京阜成门南大街证券营业部,1,199.95,1,0.0,0,东方新星
广州证券股份有限公司盘锦泰山路证券营业部,1,0.0,0,1553.68,1,麦趣尔
中信证券股份有限公司上海长寿路证券营业部,1,0.0,0,146.28,1,麦趣尔
中信证券股份有限公司海宁海昌南路证券营业部,2,0.0,0,710.28,2,东方新星
国泰君安证券股份有限公司深圳金田路证券营业部,1,0.0,0,28.72,1,麦趣尔
广州证券股份有限公司本溪东明路证券营业部,1,0.0,0,317.26,1,东方新星
申万宏源西部证券有限公司乌鲁木齐北京南路证券营业部,1,0.0,0,15.47,1,麦趣尔
万和证券股份有限公司山东分公司,1,427.4,1,0.0,0,多喜爱
申万宏源证券有限公司宁波分公司,1,0.0,0,16914.0,1,多喜爱
新时代证券股份有限公司北京天通苑证券营业部,1,0.0,0,13492.0,1,多喜爱
申万宏源证券有限公司常山定阳北路证券营业部,1,0.0,0,4556.49,1,多喜爱
安信证券股份有限公司北京阜荣街证券营业部,1,0.0,0,2619.91,1,多喜爱
信达证券股份有限公司广州寺右新马路证券营业部,1,958.12,1,0.0,0,钧达股份
中泰证券股份有限公司上海东方路证券营业部,1,491.97,1,0.0,0,华夏航空
国元证券股份有限公司广州江南大道中路证券营业部,1,0.0,0,427.63,1,华夏航空
第一创业证券股份有限公司深圳海天一路证券营业部,1,0.0,0,288.14,1,华夏航空
华泰证券股份有限公司上海共和新路证券营业部,1,2169.28,1,0.0,0,旋极信息
中国国际金融股份有限公司北京科学院南路证券营业部,1,0.0,0,889.44,1,双林股份
中泰证券股份有限公司常熟海虞南路证券营业部,1,0.0,0,634.69,1,双林股份
华鑫证券有限责任公司泉州南山南路证券营业部,1,976.94,1,0.0,0,安控科技
海通证券股份有限公司牡丹江平安街证券营业部,1,0.0,0,624.74,1,光一科技
国联证券股份有限公司无锡中山路证券营业部,1,0.0,0,531.77,1,光一科技
兴业证券股份有限公司哈尔滨友谊路证券营业部,1,0.0,0,3800.07,1,金冠股份
万和证券股份有限公司深圳深南大道证券营业部,1,0.0,0,2932.95,1,金冠股份
安信证券股份有限公司成都交子大道证券营业部,1,0.0,0,2329.67,1,金冠股份
中天证券股份有限公司深圳金田路证券营业部,2,3066.11,1,2180.58,1,"金花股份,金冠股份"
国元证券股份有限公司贵阳金阳碧海南路证券营业部,1,0.0,0,1899.48,1,金冠股份
恒泰证券股份有限公司杭州婺江路证券营业部,1,1233.63,1,0.0,0,吉大通信
华泰证券股份有限公司深圳侨香路智慧广场证券营业部,1,1520.35,1,0.0,0,宇信科技
广发证券股份有限公司杭州凤起路证券营业部,1,752.87,1,0.0,0,吉大通信
中国银河证券股份有限公司马鞍山湖东中路证券营业部,1,668.62,1,0.0,0,宇信科技
申万宏源证券有限公司上海静安区洛川东路证券营业部,1,0.0,0,979.44,1,宇信科技
安信证券股份有限公司武汉中北路证券营业部,1,0.0,0,237.31,1,金力永磁
华西证券股份有限公司遂宁遂州南路证券营业部,1,939.31,1,0.0,0,迈为股份
广发证券股份有限公司深圳民田路证券营业部,1,530.06,1,0.0,0,迈为股份
中泰证券股份有限公司南京中山南路证券营业部,1,370.09,1,0.0,0,迈为股份
中信证券股份有限公司杭州凤起东路证券营业部,1,0.0,0,562.5,1,迈为股份
招商证券股份有限公司南宁金湖路证券营业部,1,0.0,0,423.95,1,迈为股份
光大证券股份有限公司内江威远县南大街证券营业部,1,320.06,1,0.0,0,朗迪集团
方正证券股份有限公司南京分公司,1,642.81,1,0.0,0,新华锦
中国银河证券股份有限公司上海恒丰路证券营业部,1,140.78,1,0.0,0,宋都股份
广发证券股份有限公司吴江仲英大道证券营业部,1,1052.1,1,0.0,0,东方通信
广发证券股份有限公司哈尔滨学府路证券营业部,1,171.73,1,0.0,0,朗迪集团
华泰证券股份有限公司上海黄河路证券营业部,1,192.15,1,0.0,0,新华锦
中国银河证券股份有限公司永康五洲路证券营业部,1,151.0,1,0.0,0,朗迪集团
湘财证券股份有限公司武汉友谊大道证券营业部,1,184.99,1,0.0,0,新华锦
东方证券股份有限公司客户资产管理部,1,9227.64,1,0.0,0,闻泰科技
财富证券有限责任公司重庆新溉大道证券营业部,1,136.8,1,0.0,0,朗迪集团
申港证券股份有限公司安徽分公司,1,66.44,1,0.0,0,新华锦
华林证券股份有限公司河源市建设大道东证券营业部,1,515.31,1,0.0,0,东方通信
海通证券股份有限公司宁波中山东路证券营业部,1,0.0,0,186.23,1,宋都股份
申万宏源西部证券有限公司盐城经济开发区泰山路证券营业部,1,0.0,0,738.68,1,朗迪集团
中国银河证券股份有限公司北京学院南路证券营业部,1,0.0,0,188.6,1,新华锦
中国银河证券股份有限公司三亚迎宾路证券营业部,1,0.0,0,474.92,1,朗迪集团
银泰证券有限责任公司温州蝉街证券营业部,1,0.0,0,417.76,1,朗迪集团
中信证券股份有限公司上海漕溪北路证券营业部,1,0.0,0,85.59,1,新华锦
光大证券股份有限公司顺德北滘碧桂园证券营业部,1,0.0,0,530.04,1,东方通信
华泰证券股份有限公司西安文艺北路证券营业部,1,0.0,0,101.18,1,宋都股份
海通证券股份有限公司扬州汶河南路证券营业部,1,0.0,0,413.75,1,朗迪集团
中信证券股份有限公司平湖建国北路证券营业部,1,0.0,0,7258.36,1,闻泰科技
光大证券股份有限公司宁波中山西路证券营业部,1,0.0,0,512.02,1,东方通信
广州证券股份有限公司长沙芙蓉中路证券营业部,1,0.0,0,84.02,1,宋都股份
广发证券股份有限公司温州瓯江路证券营业部,1,0.0,0,340.59,1,朗迪集团
爱建证券有限责任公司上海世纪大道 证券营业部,1,0.0,0,6346.91,1,闻泰科技
华泰证券股份有限公司盐城分公司,1,208.21,1,0.0,0,汉商集团
西藏东方财富证券股份有限公司成都二环路西一段证券营业部,1,683.18,1,0.0,0,君禾股份
首创证券有限责任公司福州长乐路证券营业部,1,139.22,1,0.0,0,汉商集团
宏信证券有限责任公司西昌胜利路证券营业部,1,335.85,1,0.0,0,君禾股份
宏信证券有限责任公司南京广州路证券营业部,1,109.14,1,0.0,0,汉商集团
光大证券股份有限公司宁海气象北路证券营业部,1,296.79,1,0.0,0,君禾股份
安信证券股份有限公司广州滨江中路证券营业部,1,258.03,1,0.0,0,君禾股份
广发证券股份有限公司武汉京汉大道证券营业部,1,0.0,0,729.62,1,汉商集团
中信证券股份有限公司杭州新天地证券营业部,1,0.0,0,474.36,1,亚振家居
国信证券股份有限公司武汉沿江大道证券营业部,1,0.0,0,242.21,1,汉商集团
中信建投证券股份有限公司成都市马家花园证券营业部,1,0.0,0,931.13,1,君禾股份
广发证券股份有限公司茂名高州高凉中路证券营业部,1,0.0,0,406.84,1,亚振家居
中银国际证券股份有限公司上海欧阳路证券营业部,1,0.0,0,212.16,1,汉商集团
华泰证券股份有限公司广州环市东路证券营业部,1,0.0,0,356.25,1,亚振家居
国信证券股份有限公司义乌稠江街道总部经济园证券营业部,1,0.0,0,148.3,1,汉商集团
华泰证券股份有限公司重庆春晖路证券营业部,1,0.0,0,341.53,1,亚振家居
